4.369694512,6.15978E-08,0.017407756,0.00199187
0.002341631,2.89667e-07,0.00095615,0.151515151
0.165053723,8.91643e-05,0.035942708,0.10560889
1.250602846,0.010784235,0.000462782,1.65486e-06
0.257455559,6.95252e-12,0.04992442,0.096957356
1.552495519,5.98978e-11,0.001184894,0.00038161
0.921846469,2.24453e-08,0.00140581,0.00076247
1.688556584,0.007560143,0.012033473,0.001431977
0.810503396,0.000351161,0.003284977,0.00149401
0.07833727,0.000617323,0.00044628,2.68842e-05
0.708180847,1.51475e-07,0.010237146,0.007227475
0.640668235,0.007351663,0.016674476,0.00304603
1.874924864,3.92467e-05,0.004762317,0.001258838
0.270730441,0.000121662,0.016536515,0.028880653
1.791273264,0.005635886,0.023209162,0.004730049
0.273550716,5.23576e-09,0.083494722,0.152612805
1.241225413,1.49568e-05,0.000773703,0.000301961
2.236314741,1.17241e-08,0.000319502,7.14327e-05
1.435364741,5.53271e-11,0.001793495,0.000624752
1.764887189,4.93986e-08,0.008896513,0.002520404
0.050498111,0.045261507,0.006272602,7.24411e-05
0.307425564,0.000697804,0.014990778,0.017063934
0.66546728,2.60193e-09,0.000573616,0.000430981
0.485058996,0.002048589,0.044368762,0.037030989
2.741858052,1.13526e-07,0.005397048,0.00098418
0.830666282,0.094485826,0.000670604,3.96628e-07
3.04895223,0.001869966,0.009432867,0.001345748
0.910975705,0.132864627,0.001265916,1.00512e-06
0.761428704,2.66262e-07,0.016748685,0.010997738
2.539580802,4.77009e-10,0.001155789,0.000227555
0.057272988,0.000875548,0.001984746,0.000374823
2.848173147,0.002240806,0.000972802,3.43282e-05
3.672583085,0.009420149,0.009459247,0.000655516
1.035188778,2.54716e-07,0.006679823,0.003226141
0.420828925,0.001832391,0.003104408,0.000434618
0.334144592,0.094299193,0.087230242,0.006713584
0.72160264,1.06547e-08,0.001082203,0.000749841
0.78905381,0.568237417,0.070308004,0.000724819
1.555933749,1.43712e-08,0.002779445,0.00089317
3.706123751,0.57210171,0.09812493,0.001393149
0.011209102,9.65821e-07,0.012987237,0.571629627
0.800366098,1.72871e-08,0.029821323,0.018629775
0.291890596,0.178576961,0.039345132,0.000722346
1.489655875,2.65355e-08,0.003396973,0.001140175
4.482759378,2.52137e-10,0.053907746,0.006012786
0.366199348,0.009374475,0.094702693,0.065959025
0.244396489,0.163097174,0.058183801,0.001729504
0.477715992,3.1326e-11,0.001050608,0.001099615
0.002139901,0.000368817,0.002830826,0.001810638
0.412423371,1.59963e-08,0.028563815,0.034629145
2.992661323,8.60845e-10,0.006524735,0.001090123
3.963299883,4.13017e-08,0.046403839,0.00585419
3.89864579,2.44671e-08,0.000623705,7.99883e-05
2.463853966,0.000565835,0.004882518,0.00089762
3.919683055,3.33473e-06,0.091591155,0.011683273
0.278141534,0.011081197,0.001299882,1.27067e-05
0.745426952,1.40547e-07,0.016604178,0.011137108
1.416869501,2.65415e-06,0.013257109,0.004676988
1.705821356,1.51072e-10,0.054203638,0.015887841
0.04326807,4.11137e-07,0.000488643,0.005427078
0.886295028,0.000841122,0.000545485,2.93188e-05
0.495589393,4.63459e-06,0.017522437,0.017659512
4.588290084,9.50869e-06,0.000366877,3.9528e-05
2.061617894,1.36317e-07,0.00201955,0.000489765
1.306882593,1.68305e-05,0.005743317,0.00218748
0.990140298,9.12403e-05,0.000633832,0.000227665
3.60240983,6.20292e-10,0.008453781,0.001173351
1.438043756,4.57566e-05,0.006675856,0.002299033
1.788571712,0.135744072,0.030300057,0.000562126
0.647726259,2.79684e-09,0.027374549,0.021131257
0.85056686,0.000211317,0.000685878,0.000165542
0.341091194,9.36175e-09,0.010714952,0.015706792
0.365259778,5.66617e-07,0.013537275,0.018526777
3.325783098,1.25505e-06,0.001183762,0.000177854
0.87855054,1.77328e-09,0.013127601,0.007471168
0.499247806,1.00178e-07,0.000310237,0.000310302
0.105342943,0.004199327,0.002667137,0.000141155
1.697045951,1.72208e-05,0.056364575,0.016600694
0.72197649,1.06886e-11,0.008963718,0.006207763
1.723068087,0.102292616,0.030453339,0.000752224
0.288747314,9.4527e-07,0.054633198,0.094592483
0.505365583,7.78274e-06,0.000509255,0.000473375
2.778415892,5.52881e-07,0.008652429,0.001557008
3.515215865,8.18269e-08,0.019893628,0.002829639
0.066205577,0.00126339,0.052006211,0.159609865
0.870243429,3.67218e-07,0.022902015,0.013157911
0.971994271,1.10628e-08,0.001171451,0.00060259
0.307641735,1.27341e-08,0.027893142,0.045333673
1.501267591,0.094744356,0.063279561,0.003464385
0.996247798,7.51831e-09,0.019200599,0.00963645
1.681855775,1.40843e-08,4.47777e-06,1.32622e-06
1.267255379,3.95067e-09,0.002468453,0.000973934
1.646041203,9.54641e-08,0.006205214,0.001884855
3.793108664,8.95363e-10,2.5255e-06,3.32844e-07
3.601216271,0.001484044,0.091952411,0.012652423
0.683647823,7.68259e-10,0.000540859,0.000395567
2.932853246,0.029161247,0.007091444,0.000142505
0.731712086,0.396522071,0.010085306,2.1376e-05
2.815781503,2.01901e-10,0.001301931,0.000231185
1.711057089,0.002282199,0.034687109,0.009356648
0.030680642,2.9434e-11,0.083076609,1.3538929
1.598327202,0.018577694,0.08560197,0.019540436
0.757880484,1.32328e-07,0.006251721,0.004124246
0.728676861,0.004507994,0.000862821,1.37574e-05
0.999824307,4.37371e-11,0.045955814,0.022981945
1.648269913,1.24966e-06,0.05752494,0.017449637
0.552593302,1.17923e-05,0.001165243,0.001015723
0.945519152,0.001347908,0.098068645,0.050351966
0.758106996,4.07712e-10,0.013858556,0.009140237
3.190894596,0.115937118,0.052849452,0.001940195
0.509017846,1.07503e-08,0.060760512,0.059684027
0.721607127,0.069858373,0.000949868,1.07628e-06
2.935929101,1.59676e-10,0.000559008,9.52012e-05
0.477256916,1.35236e-10,0.013963792,0.014629219
0.380202927,3.30867e-09,0.086865628,0.114235853
1.500690393,1.31057e-07,0.006792971,0.002263224
1.805062953,7.76825e-12,0.008772171,0.002429879
1.253219866,0.084888488,0.009016466,7.97837e-05
0.817048965,0.001441577,0.031497595,0.017115776
0.388687784,8.78704e-05,0.036871899,0.046849633
0.117894338,1.0481e-09,0.0008928,0.003786367
0.255803966,1.12685e-08,0.00052701,0.001029933
3.626038861,1.17736e-07,0.000737598,0.0001017
2.726015331,1.10828e-09,0.006258937,0.001148001
1.972566295,0.000621694,0.003539581,0.000737449
1.394353243,2.50995e-08,0.013106806,0.004699946
3.830664738,8.68002e-11,0.032421647,0.004231857
2.185453939,0.014101734,0.000477406,1.34674e-06
1.701528098,7.53195e-09,0.037900944,0.011137323
0.984531603,2.2343e-05,0.000621919,0.000292795
0.459388937,1.18204e-06,0.026743235,0.029101799
1.291159623,1.01414e-08,0.077869675,0.030154931
0.20480858,4.15487e-05,0.001733319,0.003242692
1.438452229,1.20907e-07,0.075135199,0.026116624
1.993624958,0.047924821,0.012705963,0.000279422
2.165690605,1.04839e-07,0.01254419,0.002896095
0.897285367,0.003999278,0.000248961,1.29145e-06
2.471765246,1.52108e-06,0.001597,0.000322799
0.968726108,6.24255e-05,0.059761463,0.030778866
1.726115151,1.21081e-07,0.003418213,0.000990106
0.392924645,1.84158e-10,0.040938464,0.052094548
1.438994192,5.20563e-11,0.003776824,0.001312314
0.874115095,0.008428813,0.000900896,8.02304e-06
1.830717895,0.002036248,0.028004747,0.007041011
0.029268311,1.4285e-10,0.000145285,0.002481788
0.680742119,1.15701e-06,0.064239481,0.047180922
2.688784524,5.23474e-09,4.77084e-05,8.87101e-06
1.9155182,0.303940427,0.009419762,2.43268e-05
2.054414646,7.43456e-09,0.013904715,0.003384105
1.014038004,0.122524735,5.10164e-05,1.77017e-09
1.112450647,4.38522e-08,0.031532415,0.014172465
0.594221716,0.009460316,0.039932611,0.012764341
0.81848259,0.005625484,0.017829744,0.004253494
0.944380753,6.91919e-06,0.036753803,0.01945145
0.964347302,5.76168e-09,0.052806907,0.027379604
0.95045704,4.43581e-07,0.009642507,0.005072072
1.452190119,0.08709332,0.001536755,2.25964e-06
2.835731136,0.104592177,0.020447694,0.000331432
1.887337887,1.88473e-07,0.053153548,0.014081567
1.642268975,1.81512e-07,0.05460187,0.016623845
3.261234878,6.39746e-07,0.001816181,0.00027839
1.35800324,1.80392e-10,0.015524008,0.005715748
3.952497227,0.000443822,0.01963773,0.002455808
1.373238826,8.49586e-10,0.001027131,0.000373981
2.560741745,1.55712e-07,0.007655692,0.001494795
1.764884676,0.00060352,0.001052355,0.000133182
0.605764744,7.94418e-06,0.064389005,0.053125225
0.061491038,0.000137901,0.080533744,0.618370616
0.389811243,1.18061e-07,0.001611991,0.002066879
4.183465308,2.94747e-08,0.002291037,0.000273819
2.554572304,0.000474662,0.060623179,0.011792886
1.440297471,0.000103515,0.006165412,0.002090426
2.458818476,0.013340771,0.039742702,0.005885702
1.082507998,0.233062982,0.028902745,0.000298602
3.463346463,0.259379684,0.003047754,2.98422e-06
2.192386218,2.98974e-10,0.064740308,0.014764804
1.679719289,0.00115277,0.012735073,0.003382261
1.304583219,2.27652e-08,0.026772565,0.010260951
0.092974642,2.36471e-05,0.001273231,0.004203953
0.212592649,0.000333066,0.018081646,0.035157896
3.121844449,0.011460232,0.003133513,7.05461e-05
0.567303203,0.000959965,0.002058106,0.000358947
2.971916341,9.07999e-11,0.008208829,0.001381067
3.079004731,1.18047e-10,0.00165782,0.000269214
1.528049456,3.92101e-11,0.004789934,0.001567336
0.403244289,0.025409614,0.000236647,1.83663e-07
0.033450201,1.17095e-06,0.008199653,0.12151857
1.932263058,0.003128993,0.000477919,6.07425e-06
0.96290655,0.448573919,0.000743145,1.02596e-07
0.164102182,2.01392e-08,0.06104097,0.185983891
0.971536937,0.000159216,6.89531e-05,2.4812e-06
0.835490596,1.26497e-05,0.078129075,0.046738284
2.833819738,1.81666e-07,0.000947455,0.000167147
2.522203042,1.56283e-07,4.62757e-05,9.14909e-06
0.894446721,6.26692e-09,0.001449024,0.000810004
1.62357326,0.162892713,0.000145129,1.07753e-08
1.329029975,2.15785e-09,0.000583476,0.000219511
2.238208108,0.000424345,0.002092194,0.00038269
1.256897966,4.59493e-06,0.014075031,0.005596206
1.419028831,0.000232911,0.088244705,0.030977678
0.813712142,6.36815e-05,0.054890672,0.033632379
0.752616791,5.91766e-06,0.022568544,0.014982936
1.744379999,0.009840859,0.007965752,0.00052028
4.719103224,0.041641378,0.000465946,4.34455e-07
0.214405654,0.144195052,0.000694159,2.78475e-07
1.524222233,0.000253696,0.008343165,0.002627661
3.077255936,0.176010877,0.010126445,4.85251e-05
0.345008048,1.18527e-08,0.042537379,0.061646838
4.144807582,0.000879748,0.009957111,0.001149945
0.020484685,2.56835e-09,0.007072542,0.172623867
0.590509825,8.18628e-09,0.001289413,0.001091756
3.232927436,1.20177e-08,0.005216907,0.000806838
0.887160166,7.34885e-09,0.000108428,6.11005e-05
0.768152745,4.09929e-10,0.010028113,0.006527421
1.923437255,2.1712e-07,0.064101513,0.016663212
3.29698456,4.54716e-08,0.010597873,0.001607203
3.505286096,7.89188e-11,0.023202746,0.003309679
0.935374863,0.000138119,0.000431373,9.89778e-05
0.047940229,3.09731e-06,0.002960256,0.029526775
2.911239921,0.000284586,0.000701683,8.71186e-05
0.358565828,1.02459e-08,0.000786321,0.001096401
1.409608249,0.000131613,0.000768853,0.000206626
1.64935389,2.21682e-09,0.008865816,0.002687662
1.041860689,7.53282e-10,0.007467228,0.003583601
0.202201455,2.2149e-08,0.027060255,0.066913554
1.952165819,0.000485729,0.000833458,0.000101542
0.338323033,0.001361698,1.75657e-05,1.88829e-08
2.00167431,2.27969e-05,0.00010666,2.09576e-05
2.793056921,4.48495e-07,0.002384632,0.000426828
0.929557895,0.446238241,0.057528494,0.000617894
0.570615347,2.15453e-10,0.000595126,0.000521476
0.980885733,2.35647e-08,0.00566277,0.002886535
0.120248583,3.63028e-05,0.017861838,0.071759856
0.048331504,3.72474e-06,0.015283643,0.156518097
0.520861506,0.019370864,0.007547577,0.000244899
4.568360031,3.86558e-05,0.012071917,0.001319401
0.114387141,1.58541e-06,0.029697445,0.129689949
0.553518517,4.88142e-05,0.001145509,0.000875432
1.430652167,1.11251e-08,0.014504873,0.005069316
0.552503168,4.26441e-06,0.034068705,0.030817261
0.332298641,0.000152359,0.00124033,0.000753937
0.326084008,0.003053585,0.068202648,0.076004343
0.618168489,0.093423651,0.002019224,3.63689e-06
1.386255556,0.02818553,0.063667171,0.010393438
2.08974036,0.057893971,0.02983343,0.001257029
0.074657744,7.08901e-08,0.001714916,0.011472468
1.298563006,0.000918257,0.000874983,6.77683e-05
3.199341155,2.33776e-05,0.02146825,0.003352821
1.089440323,0.176575027,0.068327298,0.002196823
1.124661754,9.1037e-07,0.052654779,0.023408443
2.121326359,1.38163e-05,0.000667811,0.000154334
0.145421663,0.008645016,0.030359173,0.008846117
1.535917274,4.15599e-10,0.000348122,0.000113327
0.261452494,9.46313e-06,0.004609067,0.008675913
0.157028978,0.000682567,0.03665222,0.089074856
0.642449062,3.11064e-05,0.000565536,0.000364783
0.602892561,0.007068314,0.026796583,0.007809695
0.297322443,0.000555497,0.024670451,0.035204002
0.763327466,1.95354e-10,0.069210957,0.045335036
0.572272905,1.67789e-09,0.008429043,0.007364526
0.986678781,0.005880008,0.000829856,9.75676e-06
0.266002349,3.5175e-10,0.000336191,0.000631927
1.164056447,0.008121686,0.000318536,1.04105e-06
0.384650513,0.020603383,0.022980431,0.002129453
0.104280662,6.98258e-11,0.018828274,0.090276914
2.719719094,0.000936826,0.008876303,0.00150519
3.433798705,1.34014e-08,0.036611191,0.005331003
0.880444297,0.000171527,0.011146808,0.006108945
1.801137872,1.03317e-05,0.072044612,0.019996565
1.661668354,0.14544183,0.053814953,0.001648979
0.329338887,2.63011e-11,0.001130981,0.001717047
0.875180178,2.59046e-07,0.00152626,0.000871631
0.44414111,0.01166048,0.008810163,0.000553677
3.508278329,0.000401376,0.048556164,0.006887616
1.85922703,1.24469e-05,0.079399991,0.021349357
0.605922202,2.33343e-09,0.014202065,0.011719374
0.368147539,1.10764e-09,0.001435737,0.001949939
0.567268315,1.05737e-05,0.000680355,0.000566818
1.925540916,9.89863e-06,0.00889265,0.002306461
0.614687922,2.05868e-07,0.002753115,0.002238896
1.874827134,0.000106757,0.005538892,0.001446802
1.960163657,0.128080606,0.013908323,0.000125764
0.002905858,0.004240173,0.011573,0.002632247
2.353930309,0.007975508,0.000125875,1.65549e-07
0.099904087,6.51878e-06,0.082458294,0.412034162
0.507756957,1.29005e-09,0.009992599,0.009839938
1.608521853,0.000130347,0.080657027,0.025021406
0.673027848,3.45864e-06,0.067099764,0.049841538
2.487565493,0.0012892,0.005767739,0.000951009
0.361038656,1.59e-08,0.07074448,0.097973432
2.120249143,1.59374e-08,0.000289256,6.82092e-05
0.787984933,1.21102e-06,0.001426009,0.000902895
2.955838492,8.50583e-10,0.001688691,0.000285653
0.760388661,4.84215e-07,0.002839237,0.001866127
0.000426724,0.043149447,0.003965987,3.03771e-05
1.360469906,0.006883893,0.051226772,0.01510912
0.237867852,2.44245e-09,0.00098438,0.002069132
0.892018929,0.004662625,0.015001976,0.003560014
1.372046436,1.14373e-05,0.005978559,0.002172626
4.712995014,8.20765e-07,0.00206211,0.000218732
0.230344832,0.000680766,0.01789628,0.026198933
0.713055532,0.083238196,0.000982581,9.66567e-07
1.332666421,0.01444499,0.03903128,0.007332551
0.763017971,1.93168e-08,0.003164063,0.002073354
3.078759505,9.03727e-05,0.053323612,0.008650384
1.22390576,0.024747296,0.003306092,3.67898e-05
0.908345778,0.000413248,0.018642918,0.009761165
1.628838393,0.004856657,0.023778169,0.005473593
0.308291366,2.17974e-09,0.001083042,0.001756501
3.206972894,7.05883e-08,0.044962992,0.007010185
0.962982433,0.000569097,0.07262129,0.037092755
1.132236317,2.49058e-08,0.000801898,0.000354102
0.516915055,1.633e-10,0.07266603,0.070288173
2.351186042,5.22818e-10,0.0062456,0.001328181
0.465789506,4.1455e-05,0.084414145,0.090422975
0.463366249,0.062276323,0.003669809,1.80209e-05
1.809238939,1.0722e-10,0.081472543,0.022515695
0.037498135,4.50581e-08,0.031886279,0.42513948
0.647811654,1.54514e-08,0.06059006,0.046765146
1.902686266,2.58319e-05,0.000709268,0.000179251
3.949322319,3.47896e-08,0.015006937,0.001899936
3.487816014,9.00837e-05,0.001517128,0.000210084
0.219314422,9.18691e-11,0.014017074,0.031956569
0.395578955,0.038032101,0.007655566,0.000128404
0.364388393,5.62358e-07,0.002494713,0.003418916
0.810836419,3.28317e-06,0.071082126,0.0438276
0.312007819,1.28917e-10,0.042657337,0.068359403
1.971227495,5.41638e-09,0.005250107,0.001331683
0.799273346,0.145029359,0.032601163,0.000610373
0.56384781,1.31283e-09,0.000208157,0.000184582
0.966488485,0.009045372,0.000658307,3.99221e-06
0.242195424,5.06216e-11,0.000434447,0.000896892
1.3241272,2.35629e-08,0.000411825,0.000155494
2.897218839,4.29126e-06,0.000922343,0.000158666
4.311838681,0.004271982,0.046533213,0.005166207
4.84561556,0.042672754,0.039440975,0.002345784
0.654580696,1.78898e-07,0.069982005,0.05345518
0.91775929,3.75339e-08,0.004715916,0.002569211
0.418692732,7.34201e-05,0.000254259,7.09279e-05
2.762957834,4.96496e-06,0.0311288,0.005632588
1.662422912,2.00428e-07,0.00015393,4.62245e-05
0.869982658,1.20164e-08,0.050216603,0.028860676
3.6538385,2.50592e-08,0.000499136,6.83011e-05
2.585496077,1.09543e-07,0.003025494,0.000585073
1.403653465,0.057657568,0.099632746,0.013112222
0.259072374,1.22239e-09,0.083609479,0.161363153
2.92703367,4.77401e-06,0.007498316,0.001280316
4.523481313,0.000173895,0.000137999,7.62123e-06
2.050043205,4.33952e-11,0.004254695,0.001037709
1.567007453,1.13119e-05,0.071883751,0.022932027
1.168375608,6.61026e-10,0.005014975,0.002146131
1.679254268,0.005340884,0.087078701,0.024033788
1.799872273,0.031897038,0.000531103,7.36919e-07
1.199623183,5.4638e-10,0.010956644,0.004566702
0.61501824,8.86578e-10,0.07698419,0.062586914
1.684268699,1.40706e-06,0.010841452,0.003217949
1.96788566,9.79601e-07,0.072763404,0.018487458
1.976334671,1.09038e-09,0.026482945,0.006700015
2.892469311,2.10857e-07,0.097663288,0.016882313
4.260657731,2.23919e-05,0.000488957,5.61469e-05
0.417191303,3.86e-05,0.002056439,0.002242847
3.714281044,0.001565327,0.000735661,2.74471e-05
2.33049221,0.062917113,0.086903192,0.008614027
3.301705668,2.52636e-07,0.034243933,0.005185771
2.002801462,9.76675e-05,0.004910303,0.00120151
4.431741278,2.35757e-11,0.032592504,0.003677167
1.417374078,9.32572e-11,0.000730629,0.00025774
1.741910582,2.39551e-08,0.091116501,0.026154177
1.362463069,0.15734257,0.068303507,0.002456632
3.234910153,0.00026452,0.037376256,0.005751739
2.607589684,6.75495e-11,0.003414293,0.000654684
0.776513108,0.000205257,0.001343598,0.000535537
1.361228764,0.001038499,0.098257084,0.03553086
1.529704374,8.52543e-06,0.026782624,0.00875054
3.219987017,2.15771e-05,0.043276459,0.006717893
0.804359122,0.003390446,0.062679788,0.033722283
0.62050661,1.1775e-07,0.001250958,0.001007708
3.44453781,2.92389e-08,0.049312869,0.007158123
3.871620207,7.13637e-06,0.005438763,0.000701912
0.402439085,2.7264e-10,4.61194e-05,5.72982e-05
0.549756322,2.59332e-08,0.077460488,0.070449753
0.383094101,4.10987e-10,0.030134905,0.039330941
0.222371786,0.003027971,0.004015304,0.000443073
0.365152618,7.92578e-11,5.55473e-05,7.60598e-05
0.713379986,6.06075e-06,0.079452564,0.055675498
3.389993227,4.33704e-06,0.075061012,0.01107059
1.28594268,1.14997e-05,0.001425045,0.000547132
0.645102976,1.46884e-09,0.088586599,0.068660817
0.797303259,3.65829e-11,0.001137267,0.000713196
2.934991837,0.069232616,0.000491106,2.90306e-07
1.418142554,0.117600083,0.000276208,5.40609e-08
0.620441747,0.000179371,0.000873646,0.000310186
0.13661968,9.37266e-07,0.000478242,0.001700051
2.067957024,8.4679e-10,0.000992252,0.000239911
0.133570774,4.93846e-11,0.000713927,0.002672464
0.525156382,5.86084e-11,0.01282335,0.012209078
0.844349881,0.011988493,0.009192129,0.000583273
1.656095738,7.0851e-10,0.07117312,0.021488226
3.486464738,7.97052e-05,0.000802402,0.000108517
0.630751644,4.1868e-11,0.006458477,0.005119667
1.701535718,2.60947e-07,0.049266277,0.014476913
2.872780496,2.51251e-06,0.008829319,0.001536416
1.44255805,9.77296e-05,0.06872371,0.023773121
1.81106353,9.13209e-11,0.004035314,0.001114073
1.195631446,0.02214445,0.019794932,0.001447228
0.896158615,0.023163993,0.010447166,0.000391582
1.389537902,6.75468e-07,0.001899805,0.00068326
0.245564508,1.18288e-09,0.001107791,0.002255582
3.938867261,8.80071e-08,0.000152613,1.9367e-05
0.208082858,0.000927531,0.000552354,2.7404e-05
2.202347746,0.088959693,0.016030119,0.000240083
2.563348606,6.29461e-05,0.02824317,0.005499458
3.429023568,3.62942e-07,0.078802662,0.011490509
1.269800985,7.23062e-10,0.000843561,0.000332162
1.686247882,6.15176e-11,0.003212011,0.000952414
2.160584058,2.48836e-10,0.009701773,0.002245174
0.227506868,0.098481145,0.011854855,0.000118919
0.829127435,2.56845e-08,0.004535633,0.002735147
0.829347488,0.090004778,0.057617456,0.003059356
0.386009959,5.34274e-08,0.007422199,0.009613641
0.704010725,1.14837e-08,0.001250023,0.000887764
2.693541838,3.00301e-08,0.067227957,0.012479467
1.716835899,0.001442363,0.001443399,0.000114836
0.078022457,6.12921e-10,0.000145877,0.000934742
0.084459405,6.85112e-05,0.001449753,0.002429981
0.82604231,3.00231e-08,0.007774092,0.004705582
0.659016014,0.002741353,0.000701116,1.49358e-05
2.568464759,7.95027e-10,0.083725391,0.016298723
0.675276658,0.03317189,0.048052366,0.005710219
0.239047166,9.20786e-05,0.011103859,0.021613892
0.080256571,0.000103063,0.001359512,0.001467256
0.541319356,4.52017e-06,0.013523936,0.012476217
0.851602257,5.7568e-07,0.015767742,0.009256898
0.562716955,0.001103696,0.018682216,0.013116901
2.138593121,3.73796e-09,0.013668035,0.003195566
0.366067285,0.01223206,0.001030525,7.23484e-06
0.252519511,2.57364e-06,0.008318322,0.016430292
2.806532864,1.00802e-09,0.008494452,0.001513335
0.115424793,1.19725e-06,0.058985048,0.255423039
3.40423494,0.006366485,0.050765168,0.006906814
0.742703961,8.38795e-10,0.000362668,0.000244153
0.895899584,0.001334902,0.007470244,0.002561781
0.128123254,1.13503e-10,0.017232452,0.067249502
0.451240179,1.14476e-07,0.00609946,0.006757989
0.909317934,1.63951e-10,0.017816568,0.009796666
2.625221657,8.91689e-09,0.067259218,0.012810197
0.869816754,0.000675678,0.026360345,0.014259748
1.358562282,1.17349e-09,0.073902655,0.027198846
3.329616544,1.99571e-10,0.075977666,0.011409372
2.14508389,1.46804e-05,0.000538839,0.000122408
0.582317236,0.00178601,0.023456803,0.014893125
0.685283215,0.00877624,0.095253982,0.050893343
1.252215521,3.9147e-10,0.008357321,0.003337013
1.151891518,0.005810763,0.001750394,4.38518e-05
0.325229102,1.1817e-07,0.091024823,0.139938425
2.521441952,3.14914e-07,0.034298716,0.00680136
0.343608568,5.05763e-09,0.002098418,0.003053458
2.672719116,2.61051e-06,0.000137916,2.54353e-05
0.909231163,1.28036e-09,0.004263298,0.002344451
1.070333324,1.66608e-06,0.001388889,0.000647357
0.611785264,0.010940601,0.00094449,6.79442e-06
2.67886736,0.008960881,0.006685851,0.000390417
3.172542248,9.02282e-11,0.004300044,0.000677697
3.056781955,1.6577e-09,0.099764151,0.016318493
0.954268712,0.016838846,0.097833831,0.033172104
0.967477567,5.33793e-09,0.000957612,0.000494896
0.629595653,0.010820548,0.008493677,0.00055335
0.356542176,7.40675e-11,0.012763882,0.017899539
3.693386225,0.008090117,0.001119237,1.28477e-05
0.212428703,3.77279e-08,0.010616426,0.024987374
0.182330074,1.73936e-07,0.00237524,0.00650834
2.873352666,1.36413e-05,0.010514033,0.001827924
1.785687498,5.78163e-07,0.065680101,0.018390523
0.490612032,3.00249e-08,0.045697107,0.046571406
0.304917694,6.20535e-08,0.099484109,0.163132058
2.142265892,0.00398542,0.000494286,5.10259e-06
0.684481906,0.181797983,0.081950563,0.003073587
0.711528897,0.022163439,0.040121784,0.005891585
1.732552076,3.10059e-07,0.003135949,0.000904905
0.755121757,2.29867e-11,0.003066857,0.002030704
1.604347226,4.59431e-07,0.00171504,0.000534319
0.312809799,3.96109e-10,0.000598011,0.000955865
0.038062351,1.03597e-05,0.000879398,0.005351865
2.216950742,7.44722e-10,0.003156121,0.000711816
1.62374849,6.62033e-06,0.029770765,0.009164785
1.491948942,4.27867e-10,0.003980415,0.001333965
2.103888194,2.07023e-07,0.010949329,0.002602118
0.039016978,3.07963e-10,0.049038444,0.628424228
0.995411373,1.18607e-05,0.011856524,0.00594362
1.20537477,4.03108e-09,0.014191772,0.005886868
0.637787492,0.000157048,0.002557608,0.001619104
2.520063617,3.41361e-09,0.026845837,0.00532642
1.583780915,2.52128e-07,0.01929181,0.006090328
3.752257009,2.3424e-06,0.01496446,0.001993895
0.380323607,3.94448e-10,0.037477764,0.049270885
3.259305389,0.004665676,0.011279676,0.001292488
2.025624105,0.062649013,0.041346736,0.002209007
4.767983646,6.68272e-10,0.00268184,0.000281234
0.592445831,1.66209e-07,0.069548132,0.058695299
1.28121953,7.28564e-06,0.064468958,0.025154778
0.484264065,0.00881973,0.00145738,2.00661e-05
1.366529197,6.12984e-11,0.078841839,0.028847477
1.29280384,3.38798e-10,0.001352864,0.000523228
2.951423526,6.53296e-10,0.064838359,0.010984252
0.562324881,0.00110952,0.009154918,0.004790209
0.597732105,0.002081759,0.073075786,0.055300913
3.445477017,7.75501e-08,0.001046307,0.000151831
1.321684329,0.000552633,0.076819604,0.028744893
3.407012207,1.12846e-05,0.096856913,0.014213376
0.005605412,1.88771e-06,0.029729134,2.591745258
0.478914219,8.71116e-12,0.001882442,0.001965323
0.564191308,0.000851245,0.083199038,0.071058753
1.933820752,0.003754248,0.001302945,3.74033e-05
0.818055674,1.21053e-06,0.003848717,0.002350547
0.760736241,0.031514577,0.006062979,9.71683e-05
0.038252586,2.42536e-08,0.015698628,0.205180377
1.437897428,1.07879e-06,0.001082135,0.000375769
0.977330348,0.003142633,0.00030523,2.47009e-06
1.471246114,5.56358e-07,0.030379513,0.010324159
1.905303261,8.79078e-05,0.014689858,0.003830776
2.788917681,0.018503703,0.013588801,0.00077873
1.093262665,2.63464e-05,0.012824649,0.005843267
2.54741197,1.16032e-05,0.059528798,0.011682384
2.815289999,0.024849704,0.000567436,1.07969e-06
1.797652796,0.04229363,0.017558182,0.000601874
1.707998653,5.57764e-05,0.034264408,0.010011453
3.928296266,0.001201275,0.029333516,0.003655773
0.836939245,3.73279e-11,0.021104198,0.012607963
0.024961752,1.15628e-11,0.00560911,0.112354083
1.115445905,4.79855e-06,0.041226175,0.018475827
2.398966364,0.004761718,0.001911109,6.29521e-05
2.008142882,1.03869e-07,0.002483331,0.00061829
0.486783866,8.43916e-05,0.01645846,0.016549161
2.042800172,2.59995e-08,0.000126805,3.10308e-05
1.525975077,9.85614e-09,0.066125181,0.02166653
3.394621238,1.15352e-05,0.031378885,0.004620853
4.772479208,3.10213e-08,0.000175516,1.8387e-05
0.40172829,2.49869e-08,0.059184466,0.073662153
1.749893668,1.62213e-06,0.010732761,0.00306616
0.41298551,0.000762683,0.005518587,0.002918465
0.803428285,0.027618126,0.003818981,4.39977e-05
2.632322275,2.39987e-10,0.005515228,0.001047597
1.234419832,6.21716e-09,0.098353561,0.039837966
0.068460484,7.69145e-12,0.002491367,0.018195658
0.597592417,2.08528e-07,0.000838335,0.000700843
2.488672615,0.00523532,0.06791332,0.012799193
2.323012736,4.80971e-06,0.020339324,0.004376899
0.327888833,0.001680298,0.000553457,1.51885e-05
0.533624687,4.41123e-07,0.003968954,0.003717314
2.578330149,1.11544e-06,0.053718054,0.01041705
0.062516937,2.25221e-05,0.02853732,0.22247419
0.969214522,0.039026746,0.018767384,0.000749371
0.705920686,1.12332e-09,0.006096585,0.004318178
3.739096581,9.03011e-05,0.014049042,0.001872209
0.201761084,0.000339713,0.000350738,3.0155e-05
1.304927427,3.74825e-09,0.059749547,0.022893818
0.771434263,7.37078e-09,0.004190407,0.002715972
4.209789615,1.79971e-08,0.051429197,0.006108285
0.8081758,8.70089e-10,0.019425247,0.012017957
0.61972507,0.086033465,0.005173753,2.5927e-05
1.546973579,1.09538e-06,0.043063159,0.01391806
3.145670169,0.007913802,0.005898972,0.000336714
2.20712558,1.23136e-09,0.053462871,0.012111424
3.38699561,2.30437e-11,0.001729571,0.000255325
0.692950784,1.52499e-10,0.010196848,0.007357555
4.428148611,9.67432e-08,0.056116191,0.006336299
3.934498502,9.44303e-09,0.039778422,0.005055081
0.909917963,3.21264e-08,0.008758007,0.004812487
0.243740622,0.010077671,0.001481899,1.81588e-05
0.068921709,3.80697e-06,0.001160921,0.007620591
0.357398084,1.10606e-06,0.01339464,0.018730445
3.253034368,0.065855322,0.005188179,3.40238e-05
3.080935492,0.002869493,0.004896032,0.000500594
0.568633018,1.30233e-07,0.057371705,0.050446637
2.019139037,1.51824e-05,0.004583287,0.001131237
3.132419083,1.38333e-06,0.001651624,0.000263493
1.653589542,0.048746297,0.058222721,0.005450239
0.154710529,9.81102e-09,0.061859509,0.199919757
0.790883796,0.000183758,0.077141016,0.048475089
0.705745792,4.55238e-11,0.030717604,0.021762513
0.806590536,0.124218337,0.000104439,7.31749e-09
1.750952556,2.83017e-08,0.002466526,0.000704329
1.32098212,0.002090562,0.001850101,0.000133432
0.757066605,4.43781e-07,0.001536179,0.001013786
0.151850514,0.001065673,0.060479803,0.152998685
0.249790596,0.072327285,0.06999262,0.005638954
1.911849995,5.07541e-09,0.000849828,0.000222251
0.58440946,1.88981e-05,0.044211794,0.03777071
1.476513693,2.11663e-07,0.057657686,0.019524844
0.973378705,3.04492e-05,0.012518252,0.006398172
1.7460875,1.83306e-08,0.002550338,0.000730295
0.888714938,0.000171057,0.000430875,8.36915e-05
4.061452141,0.065645394,0.01236236,0.000192141
0.194436155,4.23198e-09,0.009922604,0.025516243
4.56121498,1.5792e-07,0.011391046,0.001248678
0.744559675,3.1424e-10,0.086954661,0.058393345
0.054193655,3.35633e-08,0.000201092,0.001843877
0.266486294,2.72091e-08,0.048826742,0.091611725
2.577087026,3.22295e-06,0.003858459,0.000748123
2.74582624,1.70263e-10,0.000339938,6.19008e-05
1.698818113,0.088951762,0.015014311,0.000210902
0.528578602,5.38221e-06,0.087246715,0.082510293
0.056252298,8.91388e-06,0.01593565,0.13882744
4.593796935,0.001340584,0.000372868,8.41606e-06
0.585474142,0.039995011,0.001115284,2.59168e-06
3.816434041,3.75839e-05,0.000547536,6.91536e-05
3.016665224,7.21102e-05,0.021581901,0.003569188
3.730682434,4.42546e-11,0.007823875,0.001048585
1.28775885,9.6492e-07,0.007297964,0.002833009
0.593938038,0.008764459,0.022637075,0.004691317
0.599307846,0.000633342,0.00345932,0.001349984
0.606799517,0.000716828,0.011388993,0.007438884
1.313525248,9.55269e-08,0.000888312,0.000338085
1.232259027,0.005804073,0.000743764,7.93918e-06
0.879521805,0.062940628,0.000429719,2.44488e-07
1.395593189,7.03399e-07,0.038031685,0.013625273
1.792767397,0.046856805,0.060249302,0.005947916
0.487904897,0.000450454,0.003013569,0.001441537
1.238022953,5.71084e-09,0.005208881,0.002103706
0.337738686,0.009077089,0.001922939,3.39442e-05
0.406566019,0.00998417,0.019661307,0.003192547
0.721646577,2.30288e-10,0.000854565,0.000592093
0.582944377,0.106228642,0.00129198,1.30945e-06
3.716035632,7.52624e-09,0.09290672,0.012500784
1.270827036,5.18975e-09,0.000688721,0.00027097
0.735852452,0.115619266,0.046564335,0.001560488
0.715722287,2.89648e-06,0.042044256,0.029366252
0.506480763,3.44605e-07,0.000877606,0.000865033
4.007305822,0.000336745,0.059511546,0.007404411
1.364713129,8.14753e-11,0.0072851,0.002669096
1.427159876,1.54997e-06,0.08140043,0.028517568
1.081354275,1.28805e-05,0.041970856,0.019395602
2.121408662,6.87708e-07,0.002153799,0.000507481
2.823491919,7.99268e-06,0.001126326,0.000198454
0.010627908,0.137905131,0.007486582,3.38692e-05
3.974820645,1.59974e-11,0.00013624,1.71378e-05
1.645766318,1.25874e-08,0.000214157,6.50583e-05
0.331250833,1.18108e-09,0.003509923,0.005297973
0.153453813,1.6455e-05,0.002895442,0.008735464
0.059615456,1.25607e-10,0.018218462,0.152799784
0.957292648,1.00852e-08,0.086798498,0.045335393
0.568395294,3.36835e-07,0.010673426,0.009388045
1.716173752,1.03261e-09,0.008282656,0.002413117
1.553254787,1.02393e-06,0.085054106,0.027378891
0.877185999,0.00598093,0.02402928,0.006755795
1.415159948,0.000354705,0.005282293,0.001689208
2.989718952,0.058399572,0.078119244,0.007018976
2.855410265,0.09131549,0.02815955,0.000714463
1.531031483,6.11078e-06,0.000657793,0.000212213
3.333047664,1.2658e-09,0.000442672,6.64063e-05
1.74842156,6.89748e-11,0.000172483,4.93252e-05
4.648215354,6.68287e-07,0.001019534,0.000109638
0.595415587,6.50803e-05,0.016814457,0.01393636
1.669679523,0.00615832,0.01180489,0.001626326
0.74527583,0.83099251,0.009036595,8.189e-06
0.856960417,1.45756e-09,0.050424402,0.029420495
2.659557702,6.18046e-10,0.0010064,0.000189204
0.081662244,1.00277e-06,0.002247524,0.013610727
1.691389211,2.77517e-10,0.078538796,0.023217245
2.904650598,3.63413e-05,0.045189697,0.007774545
1.423154437,6.08582e-09,0.004907304,0.001724091
1.904663383,0.094501104,0.002744186,6.64029e-06
1.309014445,0.059560977,0.001277978,2.28506e-06
1.267625644,8.41002e-06,0.021360542,0.00842018
2.715061946,1.05929e-10,0.076513548,0.014090571
2.643734445,6.56509e-06,0.005978048,0.001129667
1.507007214,6.41329e-07,0.004621041,0.001532902
3.154773925,0.139344321,0.00646467,2.49843e-05
0.683447008,8.51127e-08,0.035981792,0.026323579
0.231534859,1.7894e-08,0.073636077,0.159016925
0.009237198,2.24238e-07,0.001166393,0.060507613
1.211240605,0.010122255,0.01015179,0.000828291
0.081678125,1.21755e-06,0.000520639,0.003004635
1.777320853,0.000118653,0.00034976,6.18828e-05
0.768630494,7.38522e-07,0.001601552,0.001040572
0.989458276,0.004899306,0.050323835,0.020427698
2.229354895,0.225104628,0.000725106,1.94642e-07
1.203811751,1.57182e-06,0.00126162,0.000522926
1.339398514,1.20003e-09,0.00148283,0.000553543
1.984917056,1.07666e-07,0.014983127,0.003774218
1.853021383,2.58544e-05,0.006582401,0.001768597
1.86649707,0.000435664,0.01383897,0.00358215
0.579319996,0.00037647,0.008265635,0.006012212
0.315239325,6.61531e-09,0.020314684,0.032220983
1.180609369,5.36896e-06,0.097898292,0.041457064
1.278281648,2.06945e-11,0.000900803,0.000352349
3.931217261,6.03058e-07,0.013684412,0.001740441
0.396177052,0.003674585,0.03849837,0.026731109
2.962116423,3.10797e-05,0.004802901,0.000807179
1.461235531,1.11969e-09,0.010907709,0.003732358
3.01761199,0.010586438,0.037112773,0.004987094
1.590669198,0.001662433,0.044812732,0.013429097
0.697014564,1.14474e-08,0.001927134,0.001382396
0.315484417,1.12919e-05,0.001665376,0.002525944
3.296989395,1.24473e-08,0.001260984,0.000191231
1.496671561,1.77261e-10,0.079514372,0.026563734
0.095214045,0.091514927,0.01233491,0.000138547
2.963541162,7.63557e-10,0.002853172,0.000481379
0.08449608,3.9544e-11,0.086273392,0.510517123
1.442445901,1.01357e-09,0.003592775,0.001245376
2.497665194,0.014496321,0.008869109,0.000435516
0.032794537,1.48497e-05,0.024740684,0.363399936
1.046377337,0.322962852,0.005015235,6.49003e-06
0.344317503,0.145196309,0.002505055,3.60162e-06
3.437188683,1.58475e-07,0.000872845,0.000126957
0.287631232,0.011623541,0.017966934,0.002306757
0.487319953,1.00103e-05,0.082518352,0.084623325
0.109664939,0.060141191,0.061515013,0.005242252
2.731270622,1.91269e-11,4.90179e-05,8.97345e-06
1.573295462,1.42494e-10,0.064132322,0.020381525
2.400788983,1.83065e-08,0.010344202,0.002154331
0.968109634,0.000679386,0.001931564,0.000408619
0.548507712,8.65694e-06,0.003042276,0.002744456
0.885820278,5.91876e-08,0.035211151,0.019874809
2.838823607,0.000287005,0.005787704,0.000983771
1.645060487,1.05021e-10,0.001066917,0.000324279
0.31935021,1.30043e-10,0.013563428,0.021235977
1.724519154,6.02615e-08,0.052671443,0.015271322
1.224649046,4.9995e-10,0.024482131,0.00999557
0.508306123,0.069101798,0.080015087,0.007676778
1.387656511,0.012901773,0.046785425,0.010379004
3.330615471,0.013360616,0.012871292,0.000890601
0.836548127,4.0063e-08,0.049026027,0.029302517
0.603724148,0.043378784,0.052490853,0.005246591
0.990368754,0.000153128,0.073286789,0.036843628
2.138207174,0.000459699,0.011376271,0.002559688
1.617806861,1.68871e-11,0.010898812,0.003368391
2.450214844,0.108443261,0.045628253,0.001572225
3.142756327,1.06955e-08,8.79499e-05,1.39914e-05
0.298653034,5.49398e-10,0.002400682,0.004019176
1.270905214,8.72475e-09,0.007874315,0.003097911
0.16982998,6.50105e-06,0.008985586,0.026229252
2.934529759,2.86955e-07,0.024800613,0.00422562
1.538577002,0.000667032,0.001163005,0.000151657
0.365205037,2.75448e-09,0.009421892,0.012899434
0.614093485,0.02410841,0.0661796,0.014467328
3.047148155,1.2482e-05,0.000990827,0.000161238
0.269647679,6.49948e-06,0.003453516,0.006314368
0.477311383,0.119513329,0.022752045,0.000360897
0.181084548,8.75214e-10,0.030256603,0.083542725
1.526782241,0.019004752,0.00361188,5.71235e-05
0.556624713,6.32486e-05,0.076620786,0.068622113
0.468427299,1.10585e-09,0.000607936,0.000648907
0.078933175,6.37235e-07,0.000687468,0.004252468
2.141831713,0.153338111,0.033058954,0.000591846
2.432282419,0.000937141,0.006986134,0.001277719
2.281126604,0.000990103,0.013042196,0.002668443
2.278990035,0.012698575,0.000888766,5.18149e-06
0.696095288,6.53002e-10,0.021244338,0.015259646
1.119025647,1.40757e-10,0.000506555,0.000226337
0.589723204,0.001095066,0.009003253,0.004605307
1.203930661,5.6819e-09,0.055213641,0.022930569
2.979802266,0.093377988,0.01691195,0.000254017
1.360150238,3.85494e-10,0.017814867,0.00654886
1.560867381,1.81946e-08,0.006787482,0.002174258
3.548683459,2.14539e-10,0.000395531,5.57292e-05
1.329042896,1.43644e-07,0.096133977,0.036166538
1.218325245,7.55105e-07,0.048691661,0.019982522
2.518385184,9.65672e-05,0.024941278,0.004936613
0.742989213,8.58255e-09,0.011506511,0.007743375
0.77158472,7.46014e-07,0.003766604,0.00243957
2.470672039,3.39093e-11,0.006139885,0.001242554
0.036458312,9.29344e-06,0.000299252,0.000785144
2.660793406,0.001133887,0.026291785,0.004780434
0.333960086,2.72294e-05,0.004222951,0.006078393
1.188782621,5.66363e-07,0.044944356,0.018903121
2.498279327,2.39286e-11,0.002949759,0.000590358
0.591962689,7.52414e-12,0.001066374,0.00090071
0.979895175,1.04353e-07,0.001684998,0.000859676
3.173361771,0.000134368,0.006646746,0.001033929
2.823761345,1.37011e-09,0.07438078,0.013170514
0.913087652,1.00133e-05,5.22034e-05,1.70698e-05
0.82127552,6.72785e-07,0.001134783,0.000689869
3.57074307,0.015922271,0.000627423,2.05964e-06
0.049867637,4.13688e-06,0.005462257,0.053104008
3.45797786,0.00022064,0.02606876,0.003750913
0.338509522,0.000649436,0.002637335,0.000865607
0.5224558,0.001176561,0.000427244,1.2921e-05
0.28046254,9.41048e-09,0.08290501,0.147800385
3.373575291,0.198707228,0.006111917,1.56633e-05
0.68656728,0.00111585,0.099697077,0.070238243
0.8430277,4.46189e-10,0.002492845,0.001478506
0.321611134,2.66928e-08,7.2198e-05,0.000111986
0.072825429,3.41435e-10,0.051385133,0.352796572
2.70762307,0.002169554,0.003028444,0.000289446
0.499796305,0.01239788,0.00064544,2.80013e-06
4.666747271,0.003627327,0.03258854,0.003325014
0.705491414,0.369467178,0.01158975,3.02962e-05
0.783077555,1.5639e-08,0.000739884,0.000472395
1.909631164,0.001878661,0.001156482,5.80035e-05
0.29561119,4.90835e-09,0.00617591,0.010445946
0.403790991,0.000749002,0.00475715,0.002278968
0.658501869,1.64456e-09,0.019680575,0.014943443
2.22712672,0.020383148,0.00196742,1.58128e-05
1.346042629,0.000131472,7.0552e-05,3.12793e-06
0.563794719,0.160033671,0.046998304,0.001149671
1.912378262,0.005138421,0.039612221,0.008951785
1.74546312,0.075684065,0.001513265,2.52136e-06
2.972992181,4.81608e-07,0.008605766,0.00144727
0.775525411,2.78222e-05,0.010289128,0.006587391
2.510991161,0.039043375,0.000181938,7.06509e-08
0.30051456,0.022384868,0.000997547,3.7045e-06
0.877471168,3.535e-05,0.072014651,0.040989426
0.401609287,1.39785e-05,0.000366167,0.000369233
1.97754455,5.05821e-09,0.004567505,0.001154841
4.136859817,1.17386e-11,0.008348017,0.00100898
1.656131669,0.029749415,0.002631912,1.93967e-05
2.068795626,0.00228622,0.004091334,0.000504665
0.247769739,6.98298e-08,0.013190728,0.026617786
1.414925608,1.95296e-05,0.01964979,0.006933999
3.428851295,1.12901e-07,0.004144083,0.000604286
2.839959851,2.05368e-08,0.030656616,0.005397365
1.128290604,3.63955e-08,0.019454935,0.008621392
0.672142343,0.00027547,0.007100648,0.004672352
3.227328308,7.69303e-08,0.000334416,5.18027e-05
1.321644844,2.73533e-05,0.064481348,0.024378696
2.87309663,1.32692e-05,0.025078714,0.004362797
2.283351113,1.99543e-11,0.010100575,0.002211788
0.332014965,4.99659e-09,0.00064391,0.000969655
4.330195639,6.50399e-09,0.078745499,0.009092603
0.797160374,5.83524e-10,0.02450804,0.015372088
0.555497491,1.36841e-06,0.009546268,0.008588104
0.716772296,3.00178e-09,0.057633434,0.040203441
1.376134214,1.75514e-06,0.029647465,0.010771084
0.129859945,1.6082e-08,0.000459001,0.001766338
3.774894786,4.44002e-07,0.002859175,0.000378678
1.942209188,0.000339403,0.014519821,0.00364799
0.45744115,9.63893e-09,0.002575475,0.002815043
3.119096109,0.002078881,0.095525975,0.015099402
1.065777599,8.74263e-06,0.034157583,0.016017027
3.938205879,6.49256e-07,0.006446118,0.000818366
1.590208916,1.09624e-05,0.089646327,0.02818263
3.425695718,1.46471e-08,0.000135938,1.98396e-05
2.041488112,0.084421933,0.001601013,2.53013e-06
1.034840602,0.098032372,0.002823704,6.77768e-06
1.150113371,1.04541e-07,0.000929668,0.000404085
0.968756089,4.11732e-08,0.090333115,0.046623206
0.090756741,0.000107852,0.001017142,0.000789788
0.571499053,0.008993009,0.017517842,0.002786587
1.967845238,0.060403659,0.005083231,3.56317e-05
0.610633137,0.059759434,0.002882668,1.15876e-05
4.83978226,7.32842e-11,0.004243862,0.000438435
1.248587531,0.00053422,0.000280013,1.21444e-05
0.851731177,0.032384273,0.000629875,1.02092e-06
1.302866122,9.89805e-08,0.003462717,0.001328826
2.319711471,0.000215604,0.00206732,0.000405531
0.086475328,1.12356e-06,0.089981351,0.520121565
0.736520789,9.52026e-11,0.000430893,0.000292519
1.46017555,5.38947e-09,0.0019148,0.000655672
2.504992928,0.002069886,0.097876034,0.019206327
4.463116036,0.002680631,0.087356905,0.009651964
0.47315483,7.73558e-12,0.001325235,0.001400424
4.323204827,0.065907374,0.001161674,1.70613e-06
1.257852025,2.23794e-07,0.010843379,0.004310135
1.306900809,2.64155e-07,0.01692033,0.006473301
3.449306049,7.27983e-09,0.000597746,8.66467e-05
0.750740117,0.004794104,0.019644367,0.00584279
0.97575203,2.2962e-09,0.060394957,0.0309479
0.812129176,0.01646011,0.001011665,5.18133e-06
3.092459459,1.17145e-09,0.00014863,2.40309e-05
0.263547021,1.81485e-07,0.004255585,0.00807106
3.84148544,2.49184e-06,0.039896874,0.005192728
2.302373881,4.78808e-07,0.007372423,0.001600958
0.353318398,1.40635e-06,0.09881625,0.139828962
2.311938834,3.60686e-05,0.065639939,0.014189116
1.993908186,1.95186e-07,0.027865429,0.006987592
0.904500551,2.73258e-06,0.024849507,0.01373325
0.35380154,0.001843012,0.08913931,0.11125019
0.021820038,0.161606728,0.003915108,7.904e-06
0.628341719,0.002459042,0.004369168,0.000633868
4.696113387,5.2394e-06,0.000192145,2.02203e-05
0.713843966,5.76665e-09,0.014074891,0.009858509
2.657329215,3.10015e-06,0.002110003,0.000396577
0.694722207,0.032989148,0.000143749,5.21987e-08
0.594798245,4.89212e-08,0.001938207,0.00162916
3.142246237,0.004385514,0.000494304,4.63319e-06
0.883736979,6.20795e-11,0.000556954,0.000315113
2.275852048,2.99706e-09,0.026995367,0.005930826
1.644239419,9.52023e-05,0.083037095,0.025215699
0.113051415,2.04339e-08,0.00246453,0.010898442
1.471039559,0.175890951,0.062131119,0.001820737
0.571296259,4.963e-10,0.011686227,0.010227815
0.17921235,9.19645e-06,0.031949341,0.088851883
4.263844979,0.412486773,0.007446542,1.12015e-05
0.963615077,1.33116e-06,0.001519074,0.000786783
0.363487837,5.65455e-06,0.002860875,0.003892512
1.313302092,4.58592e-07,0.038736129,0.014747342
3.098931488,0.014340777,0.009785839,0.00051897
4.977594291,2.96248e-05,0.008523023,0.000854943
0.336930534,0.047421349,0.048780739,0.004173243
1.672930585,0.056131627,0.035151629,0.00180173
1.539246444,4.11488e-11,0.012343286,0.004009522
0.351323363,0.000289571,0.018396543,0.023835713
1.885199555,9.91534e-09,0.012959586,0.003437189
1.392250962,0.001460159,0.006831863,0.001707521
1.828568184,0.000106385,0.004533594,0.00120784
2.904492055,6.35098e-11,0.075825284,0.013053106
3.781717294,1.02919e-08,0.000385704,5.09952e-05
0.434939973,0.001024084,0.000641905,3.34879e-05
