0.810815027798526,2,1.62163005559705,1.08453052017719E-10,0.083833950434197,626758081.834875,0.025848666904972
0.230538165546022,2,0.461076331092045,6.0531380843174E-08,0.020057628403208,76390.9362857514,0.02175059148032
0.284355171606876,5,1.42177585803438,1.25523563874847E-07,0.028792823506198,163064.766813715,0.010125592852967
0.980753043084405,3,2.94225912925322,5.41409785241943E-11,0.015265777583013,414804780.806616,0.002594227237573
0.476410822360776,5,2.38205411180388,1.07660118842289E-05,0.08451067252259,9349.28352014192,0.017737135532855
0.968664031126536,3,2.90599209337961,0.017894998545153,0.039017707882396,3.1680681706104,0.00461808439652
0.833601641585119,4,3.33440656634048,0.001936732046865,0.06842710377555,58.9043240426908,0.010086568213919
0.802660550107248,5,4.01330275053624,0.004311711824132,0.007168637987827,3.33625201864385,0.000627673914766
0.912074883119203,1,0.912074883119203,6.43712759724341E-06,0.042543721619156,3014.00425399863,0.023314755760411
0.897035584435798,3,2.69110675330739,1.03398270475954E-06,0.000917272860158,1193.67527969017,0.000170283920327
0.309629517956637,1,0.309629517956637,0.132673746768048,0.007769513282103,0.00906611409905,3.79156937815468E-05
0.410453566000797,5,2.05226783000398,7.98375490544924E-05,0.027804025016873,357.358829038,0.006755020078603
0.080486409016885,1,0.080486409016885,9.76747226159486E-05,0.00489515711922,2.01686581516395,0.016428485781814
0.424259041552432,4,1.69703616620973,1.31134266689616E-09,0.000282760728811,182963.307489757,8.33097104794568E-05
0.796697158482857,3,2.39009147544857,3.06604763934533E-11,0.006904059747081,269097814.002158,0.001444308678631
0.137391204363666,5,0.686956021818332,2.19895470729022E-08,0.010547358901956,164750.362705442,0.007676834139827
0.677852711058222,3,2.03355813317467,0.352565722319659,0.032000844426201,0.092288576755566,0.000241910699243
0.269158856361173,5,1.34579428180587,6.52871047085547E-11,0.002092582828816,21567704.8155014,0.000777452676119
0.606266343849711,2,1.21253268769942,1.8335494731608E-10,0.054785997974901,181150861.608018,0.022591554944558
0.769712532288395,2,1.53942506457679,0.000354955055371,0.053787020035577,116.636015656973,0.017320059451716
0.802953080623411,4,3.21181232249364,4.46551106052521E-11,0.076717803790951,2758958428.61764,0.011943070774382
0.802175625110976,5,4.01087812555488,1.29954671998395E-10,0.002804644161411,43280806.0840963,0.000349629683178
0.176664790255018,5,0.883323951275088,2.03639734988512E-07,0.062466860904408,135480.618261819,0.035358715077431
0.62050825136248,2,1.24101650272496,9.75084004046123E-11,0.039099473722095,248814932.537266,0.015753003074133
0.745651280856691,4,2.98260512342677,1.99441934260162E-06,0.002508371685099,1875.60411184001,0.000420275935635
0.393907182035036,3,1.18172154610511,2.10122863775699E-10,0.000761427677384,2141117.52523513,0.000322168671745
0.530420782393776,1,0.530420782393776,0.003684242439723,0.003903265727948,0.280976794440335,0.00034280892276
0.24876575556118,1,0.24876575556118,0.000716727341629,0.011478241809424,1.99196635204752,0.012363741864595
0.75773769558873,3,2.27321308676619,1.49913266792333E-09,0.000857603853438,650214.735697012,0.000188632235903
0.963766000117175,2,1.92753200023435,0.000719305779516,0.028816442544466,38.6098768556954,0.007281356042953
0.218538991524838,2,0.437077983049676,0.001765935082523,0.069595696024359,8.61264571622821,0.070370805954799
0.116628249525093,2,0.233256499050185,0.002089259607602,0.000614046775895,0.034277789288865,1.50381786726412E-05
0.5556902756216,2,1.1113805512432,2.17254365795108E-08,0.00273378481493,69924.3778940331,0.001229887330477
0.192860078183003,2,0.385720156366006,0.057414887029769,0.000198589225541,0.000667073219953,5.72407863038184E-08
0.924362115911208,1,0.924362115911208,0.000464199271234,0.009041628922776,9.00231835793749,0.004347464236618
0.042592129088007,2,0.085184258176014,9.47783710512239E-07,0.001243072094296,55.8619931095138,0.007165757882233
0.57436832820531,3,1.72310498461593,1.89912286803943E-11,0.000561443077323,25470320.5725755,0.000162916090515
0.535607929923572,5,2.67803964961786,7.73940870377935E-08,1.85280656971316E-05,320.559983758273,3.44846773270979E-06
0.071133033023216,4,0.284532132092863,0.001750668293285,0.013426802658573,1.0911138341535,0.007969359728444
0.560585768776946,5,2.80292884388473,0.004903210337965,0.042733853043377,12.2144412588403,0.006998968178943
0.608773003448732,4,2.43509201379493,0.00950682181491,0.071774487475373,9.19221400423176,0.013134268803894
0.092925873235799,2,0.185851746471599,0.020725281603108,0.021983035134914,0.098565258383696,0.001941835827035
0.954738262924366,2,1.90947652584873,1.02669757124943E-05,0.016370914086207,1522.35074035762,0.004283938597191
0.209827987593599,4,0.839311950374395,2.52667223313547E-05,0.00171763330642,28.528238477733,0.000987371337953
0.055027402122505,5,0.275137010612525,3.05545466145704E-09,0.000372844948901,16786.9361566288,0.000677521969234
0.432552807149477,3,1.29765842144843,0.000419199856569,0.006724557940061,10.4081371984039,0.002342092208238
0.852906819083728,3,2.55872045725118,0.004939358418555,0.029426405787966,7.62183466887062,0.004995781455695
0.177056727814488,1,0.177056727814488,2.71565774413784E-06,0.00137539119296,44.8367001725614,0.003797414655518
0.84047099610325,3,2.52141298830975,0.000585243230814,0.001255614474318,2.70479219336841,0.000159172748889
0.742662072298117,5,3.71331036149058,4.36186335018179E-05,0.001359513867333,57.8685818979986,0.000179896185828
0.323170420597307,1,0.323170420597307,5.97191617268988E-08,0.001393727379825,3771.07992235272,0.002155763194783
0.851325244060718,3,2.55397573218215,8.10156546556111E-08,0.001859824065845,29314.9857918626,0.000364091287093
0.843835935345851,3,2.53150780603755,1.29750708874215E-09,0.000712550581023,695112.717960289,0.000140736195685
0.663761011441238,1,0.663761011441238,6.32487183688967E-05,6.71130949374841E-06,0.035215777430332,5.93397421370663E-08
0.183049586950801,5,0.915247934754007,2.55504221689789E-06,0.013062899776475,2339.64667261604,0.007133212762254
0.755655217100866,2,1.51131043420173,3.73542421747596E-06,0.001714235644451,346.780186841781,0.000565500083238
0.825408209930174,3,2.47622462979052,0.065050122521835,0.000801592018668,0.015256865188855,8.23134234202587E-07
0.579991735401563,5,2.89995867700782,0.058233518498614,0.000304031202454,0.007570192789039,1.32275794224547E-07
0.443726321565919,3,1.33117896469776,5.81953903365185E-09,0.002977596501595,340552.21602262,0.001118402497757
0.248913552495651,1,0.248913552495651,2.09261820235167E-10,0.052597427899569,31281895.1299922,0.105654002545896
0.851570527884178,2,1.70314105576836,1.00170088483218E-10,0.011335366533798,96364735.3128159,0.003327782621931
0.578571846126579,4,2.31428738450631,1.14194603841354E-06,0.002285093875187,2315.50517706806,0.000493479553197
0.2331685438985,1,0.2331685438985,0.473649342914845,0.001036076289026,0.000255020304888,1.88862303044492E-07
0.904315512510948,5,4.52157756255474,7.5978956409157E-10,0.001289153854337,3835936.56581643,0.000142555723133
0.795274761156179,1,0.795274761156179,0.131384450166109,0.080032169083841,0.242218786441217,0.004046797144068
0.265459813992493,5,1.32729906996246,0.000920210218463,0.045413962998995,32.75225032414,0.01658532480657
0.139986982452683,2,0.279973964905366,1.47914320111034E-08,0.051332288913294,485811.801181062,0.091673136942812
0.525946353678592,4,2.10378541471437,8.24406282371889E-09,0.001094155195167,139607.605512348,0.000260042528614
0.920761723420583,4,3.68304689368233,5.18939093332038E-06,0.080248845224241,28477.3554278771,0.010893973054472
0.851219986216165,1,0.851219986216165,2.02078064458443E-05,0.024733135361627,520.920942063363,0.014500162195413
0.643534087226726,3,1.93060226168018,0.0003177548409,0.042334305904115,128.606548516342,0.010878763023985
0.59324593457859,1,0.59324593457859,5.20483897324135E-11,0.008483572041359,48347745.7238857,0.007150130638413
0.341270319535397,1,0.341270319535397,0.085499997582577,0.000157579357079,0.000314486310311,2.42020022793814E-08
0.665679023484699,5,3.3283951174235,5.33637781591903E-10,0.015152703947264,47255074.1098058,0.00227627776932
0.377769316430204,1,0.377769316430204,9.20269966207474E-08,0.096335310191312,197727.436596898,0.127504827402322
0.571797552867793,4,2.28719021147117,7.80369350738245E-07,0.008632287804796,12650.2175867456,0.001886945252509
0.616802504402585,3,1.85040751320776,8.361266560633E-07,0.0005614166371,621.227391685003,0.000151456614681
0.73722006205935,1,0.73722006205935,0.011708400322945,0.001060739070078,0.03339474657093,8.0076675685436E-06
0.945697973133065,3,2.83709391939919,1.51982704233179E-05,0.004632972460402,432.423480766106,0.000814611468833
0.366341315559112,4,1.46536526223645,0.009025603150984,0.000939570328713,0.076272671094261,8.14765691095878E-06
0.408531549037434,5,2.04265774518717,2.96087272778347E-10,0.000845857821148,2917717.49167418,0.000207048276501
0.459761368925683,3,1.37928410677705,2.30976927711012E-07,0.001374974860698,4105.34721232311,0.000498316456714
0.364713754854165,4,1.45885501941666,9.82591407718623E-05,0.069818535017647,518.298447649257,0.02388305447958
0.303468236350454,5,1.51734118175227,1.3151986574177E-07,0.010648223943176,61424.1377543065,0.003508785866863
0.101097991806455,4,0.40439196722582,3.00441364426488E-06,0.073931718241733,4975.57868525036,0.091392590993212
0.164074558648281,5,0.820372793241404,0.012159653535709,0.001976270247754,0.066666305030332,2.67584883276015E-05
0.346056872862391,2,0.692113745724782,0.000634779734733,0.00013524308502,0.073729195368921,2.40031645826559E-06
0.16999502654653,5,0.849975132732652,1.11463326612325E-05,0.000439880637634,16.7717766337412,0.000243332533694
0.261108473758213,1,0.261108473758213,0.000302346533522,0.006093595597268,2.63123480789664,0.007355593235554
0.665601241984405,5,3.32800620992202,2.45412383895558E-10,0.012138371015934,82303454.8585747,0.001823670104981
0.857002280303277,4,3.42800912121311,0.091774228806078,0.000619559097413,0.011571081907706,3.4854560475197E-07
0.646535680512898,5,3.23267840256449,4.6182766046606E-09,0.002502977402731,876010.867749794,0.000387136336157
0.9833372811554,1,0.9833372811554,2.77580919633499E-12,0.016428535958051,2909924771.42942,0.008353459320236
0.541466703056358,5,2.70733351528179,4.99947438490276E-06,0.08634215677248,23378.1590638548,0.01594529506656
0.486006417893805,4,1.94402567157522,0.000270625098875,0.011198293999548,40.2212712409835,0.002808573197424
0.338266383507289,4,1.35306553402916,8.92497605105307E-11,9.53381078751261E-05,722683.775886244,3.52303615586623E-05
0.509870160720311,3,1.52961048216093,7.26272682801655E-07,0.041297018581359,43488.0410621834,0.0134988840117
0.037122544483282,3,0.111367633449845,2.41782642083806E-11,0.003862037492267,8894475.88341036,0.017339135880084
0.420194831793197,5,2.10097415896598,1.04754974361525E-06,0.000890749579244,893.247246494744,0.000211747577097
0.692493863287382,3,2.07748158986215,0.258037530827922,0.000641898990247,0.002583991039037,1.33066602416743E-07
0.638539437553845,4,2.55415775021538,0.000264040288104,0.007811828242625,37.7833280529888,0.001488763747895
0.626785816508345,5,3.13392908254173,2.24462034031105E-11,0.000702313173437,49028328.7503012,0.000112049944433
0.176781149930321,4,0.707124599721283,1.49247280064053E-09,0.071539651290795,16947527.3725231,0.050584894867007
0.011653536581434,1,0.011653536581434,4.43782736802171E-10,0.001634342898698,21458.5575070267,0.070118917314131
0.249108782853,4,0.996435131411999,4.53128069579955E-05,0.012335629542823,135.631132451659,0.006144243272181
0.196970828226767,2,0.393941656453535,1.1724600835748E-08,0.000500092790005,8401.45369701218,0.000634653961137
0.385447548120283,2,0.770895096240565,1.07537918902241E-05,0.009251208602531,331.590541215194,0.005982207665248
0.296187870320864,1,0.296187870320864,6.7002057496006E-05,0.002879732167588,6.36504138595505,0.004097601579726
0.159423058037646,4,0.637692232150584,6.77918986695554E-08,0.012001261354259,56445.6173364052,0.009409749823541
0.434276774409227,5,2.17138387204614,2.52574623066907E-06,0.000393399651639,169.102827604887,9.00516172132331E-05
0.120018608518876,5,0.600093042594381,5.56856197937104E-07,0.012192043052313,6569.34432786063,0.010156914251231
0.234204757376574,4,0.936819029506296,6.43987537848765E-05,0.000671537791205,4.8844841309768,0.000285076802337
0.6248876004247,1,0.6248876004247,9.2124203419524E-07,0.029099007448701,9869.07254793464,0.023281034000483
0.538356705452316,3,1.61507011635695,0.181789631506547,0.078673238827686,0.349477569030201,0.002814453245935
0.223823360283859,2,0.447646720567718,9.08268413867278E-09,0.029066416647199,716279.785365007,0.032465753385436
0.015971343615092,5,0.079856718075462,5.24987756013679E-07,0.002363547151239,179.7614481028,0.014716350516046
0.421687782858498,2,0.843375565716997,5.38563198763273E-07,0.01330983135286,10421.4199676036,0.007890052031876
0.481348319561221,3,1.44404495868366,1.00540676465741E-06,0.005800267169179,4165.40193437304,0.00200785808209
0.843407279928215,2,1.68681455985643,1.58269364736077E-06,0.002171866254013,1157.37357808941,0.000643221181025
0.45608412695583,2,0.912168253911659,3.26887327062357E-08,0.013353361644855,186310.565859207,0.007319532287491
0.510000463924371,3,1.53000139177311,0.000138240829737,0.007890851279716,43.6665978612903,0.002519652765866
0.199079426587559,5,0.995397132937796,2.19518094641938E-07,0.013770469724456,31220.8569987996,0.00691685167781
0.396751117310487,2,0.793502234620974,0.010520884708118,0.00562760743828,0.212221652538352,0.000250100017018
0.122872370877303,4,0.491489483509213,0.001387336727207,0.002229655533355,0.394948185613994,0.00029555568555
0.89484654169064,5,4.4742327084532,0.000107971948316,0.002212428852117,45.8402468867684,0.000241847608111
0.164910953608342,2,0.329821907216683,3.24555379879912E-09,0.032053937013179,1628703.65042198,0.048592765718677
0.998141746851616,5,4.99070873425808,5.68295084383453E-10,0.015537685577488,68225174.9598115,0.001556661205561
0.865625225822441,5,4.32812612911221,9.01637410489547E-10,0.036338386518483,87217499.1580201,0.004197935205425
0.693692136439495,4,2.77476854575798,5.65757164796129E-07,0.007797482319905,19121.4623726167,0.001404995480596
0.724477602052502,4,2.89791040821001,7.76889002922611E-08,0.000915753411061,17079.4755189272,0.000157993116571
0.236738928011619,2,0.473477856023237,0.000635703617878,0.033112548782815,12.3312642591866,0.032131700204248
0.877108387299813,3,2.63132516189944,3.20683089296111E-08,0.017942508000604,736125.077147073,0.003409400686418
0.072681519784965,2,0.145363039569929,3.74821571889468E-06,0.009280873619043,179.96509543563,0.03174570109815
0.516761821112596,4,2.06704728445038,0.001120233157159,0.011733204100439,10.8250177736337,0.002575970856431
0.540003492846154,5,2.70001746423077,2.67590410073233E-07,0.006394469581627,32260.4601939215,0.001184116668225
0.972802248666994,5,4.86401124333497,1.19324821574987E-08,0.001748010296015,356268.78050437,0.000179687638672
0.958026283304207,5,4.79013141652104,7.96701548148582E-06,0.000733310220462,220.449698714133,7.619663514579E-05
0.535259977099486,2,1.07051995419897,0.000176487284013,0.032726363547823,99.2542476991874,0.015131264425188
0.838569165789522,5,4.19284582894761,2.33446287056704E-06,4.13644029204153E-05,37.1465672978651,4.79994480974666E-06
0.630404233350419,3,1.89121270005126,0.001587317780756,0.003063841147135,1.82520959528358,0.000409436187325
0.609326863777824,1,0.609326863777824,5.05681241308676E-10,0.015324947971159,9232992.76502591,0.012575308280634
0.111807391862385,5,0.559036959311925,5.74840196360446E-08,0.002434132371496,11836.0717303672,0.002176892490933
0.211462070583366,2,0.422924141166732,0.018483300570552,0.000511760656743,0.005854904956233,1.18078825743018E-06
0.213348978781141,5,1.06674489390571,1.40258259233288E-05,0.021481654185117,816.901801002202,0.010056461396074
0.588804111001082,4,2.35521644400433,7.64249761258835E-12,0.001728259427253,266302014.6626,0.00036690033843
0.858583002234809,5,4.29291501117405,2.37186642986136E-07,0.000544630715915,4928.72057730633,6.3420800674863E-05
0.655927377636544,3,1.96778213290963,9.59004988951201E-06,0.022092342790854,2266.56367374583,0.005611036749656
0.753555514733307,4,3.01422205893323,1.00841798383905E-06,0.013032805113239,19477.9195193192,0.002161774373587
0.27738619770389,1,0.27738619770389,3.43523650450641E-09,0.000982700972765,39675.2430229498,0.001771314168261
0.596483936882578,3,1.78945181064773,4.51101071625885E-09,0.001947367949895,386246.15669578,0.000544122757743
0.178575455094688,2,0.357150910189375,1.47434178418055E-08,0.005277656271915,63924.1104540996,0.007388436596505
0.916221371269785,4,3.66488548507914,0.000855014194259,0.044939733341311,96.3135919449106,0.006067465884157
0.055114597897045,4,0.220458391588181,6.40905881071602E-05,0.036959181363509,63.5659768341609,0.082504800244492
0.450000446639024,4,1.8000017865561,0.007939365952507,0.000243601854361,0.027614533432583,6.22833603572215E-07
0.044472789508291,5,0.222363947541453,0.098597558715141,0.09237032113012,0.104159928043994,0.007206154856636
0.60633978236001,5,3.03169891180005,1.7500141976213E-05,0.069673825433261,6035.09563048336,0.011488984012629
0.967188885784708,4,3.86875554313883,8.00578809771745E-08,0.010089945786772,243795.696414166,0.001304024548382
0.583036410273053,2,1.16607282054611,3.05896347609419E-05,0.070774861762931,1348.96417241696,0.030325033924607
0.001714288140647,4,0.006857152562588,0.129710304405584,0.01428440650935,0.000377573528755,0.000131089731355
0.819067398668267,3,2.4572021960048,0.022317640721938,0.057298673848169,3.15433044563462,0.008005566762025
0.484593176399358,1,0.484593176399358,1.08030468124772E-10,0.051107038070327,114625634.530523,0.052731899780559
0.356976267532445,1,0.356976267532445,0.089425189477317,0.076766397440335,0.153221828157904,0.005483053262312
0.931032257270999,3,2.793096771813,0.008290572352664,0.009363688294864,1.57731495704546,0.000762881933123
0.216035301913507,2,0.432070603827015,0.000746015886489,0.002674358607916,0.774455182188535,0.000768708250514
0.194110062322579,5,0.970550311612897,9.07845487258685E-07,0.005318193105364,2842.76016572717,0.002738818511901
0.058211919968017,4,0.232847679872066,0.001815291454035,0.04580939271904,2.93798849415186,0.065440010400758
0.700814375304617,1,0.700814375304617,0.000237118681866,0.03503333811811,51.7712623376661,0.024511942564711
0.914052748237737,2,1.82810549647547,0.010502369253516,0.017444170231795,1.51821854252172,0.002109716508567
0.354521496570669,1,0.354521496570669,0.000397933527497,0.000765845538598,0.341148317148919,0.000121883538136
0.486680585541762,5,2.43340292770881,1.16752714448983E-06,0.004114791016865,4288.09923375443,0.000845283653215
0.512512341723777,3,1.53753702517133,3.92359652214441E-08,0.001563436466608,30633.137739128,0.000508405782621
0.387224139063619,5,1.9361206953181,9.24981901332879E-11,0.001214116308206,12706603.8127529,0.000313543524325
0.02923146088142,4,0.116925843525678,0.259044370115046,0.001205985532286,0.000272175140459,4.67873865967627E-07
0.307141216821037,4,1.22856486728415,2.00484066879741E-10,0.044549361808868,136499078.530605,0.018130650919954
0.327364149852656,4,1.30945659941062,2.04690556415946E-07,0.03103767548992,99277.8800162444,0.011851237707893
0.380094193504192,2,0.760188387008384,1.42531767388218E-11,0.087921819882993,2344640344.55027,0.057828968021662
0.857459203689359,4,3.42983681475744,0.002519824175035,0.000223760981171,0.152285159125186,1.6532812936076E-06
0.457595375715755,2,0.91519075143151,6.41124456061818E-05,0.034308483671529,244.87294670284,0.018667352316079
0.789172334014438,4,3.15668933605775,1.65422473608029E-09,0.005658927108351,5399349.45562098,0.000896338767904
0.640387873281725,4,2.5615514931269,0.000818405799742,0.006829097971567,10.6872935842374,0.001208272745403
0.410443584085442,5,2.05221792042721,1.34974207813264E-07,0.000830073814823,6310.43658509439,0.000202206175748
0.750089546781965,4,3.00035818712786,1.38674326747795E-08,8.36872001892673E-05,9053.28268520575,1.39446611235989E-05
0.992729239515029,1,0.992729239515029,0.002580720051031,0.082367841003099,15.8422770665935,0.038866891082738
0.161131485248916,3,0.483394455746748,6.40159763572075E-07,0.002970139577015,1121.39897414964,0.003069430089368
0.282524819136597,1,0.282524819136597,1.40039420754849E-10,0.002744477310889,2768445.31241228,0.004857053493448
0.823364157811739,3,2.47009247343522,0.00437751027489,0.054447899558695,15.3616254958621,0.01030396433966
0.567455829004757,1,0.567455829004757,0.000113406078484,0.07896146215117,197.551765140814,0.069222799402286
0.476899209083058,1,0.476899209083058,1.15053919345621E-05,0.007788517655922,161.417269883724,0.008115201992344
0.793837023316883,1,0.793837023316883,1.3376952035921E-08,0.012952521409176,384324.882540408,0.008158152949988
0.893666202086024,4,3.5746648083441,7.17696277594222E-05,0.006058473434055,150.878668686985,0.000841801840331
0.398768905899487,5,1.99384452949744,3.55555332781914E-05,0.035622519101058,998.800443813447,0.008924179712345
0.053067137603648,1,0.053067137603648,6.46869819528079E-09,0.001537141699415,6305.11021047851,0.014480693474546
0.908675066079013,5,4.54337533039507,6.47439450881637E-05,0.004953359292546,173.799807701646,0.000541982398737
0.730379738961346,4,2.92151895584539,7.65675450614049E-07,0.005190805286054,9903.04444732216,0.000888284690588
0.18524060479831,5,0.926203023991548,9.17484011857566E-09,0.007747050689703,391033.613833292,0.004182145100645
0.822321491432376,2,1.64464298286475,1.30761612827762E-11,0.0008892821714,55924351.625531,0.000270357203589
0.159615482552908,1,0.159615482552908,7.4850912532335E-11,0.000147730509131,157513.620776012,0.00046276704765
0.06489559111651,3,0.194686773349531,2.90928788993789E-08,0.001006816390955,3368.75967463424,0.002584966366916
0.524867043714039,5,2.6243352185702,0.000167462994373,0.01019577991011,79.8897224999749,0.001918229932181
0.494158184505068,4,1.97663273802027,0.158422699806889,0.009282895266359,0.057911128611823,4.53180449211356E-05
0.990116427536123,4,3.96046571014449,0.092455587309924,0.067603402461239,1.44794362962256,0.003638611159873
0.361338354065083,5,1.80669177032541,8.21863954507195E-07,0.057108148026812,62770.0122950598,0.015804366623276
0.429180343286134,4,1.71672137314454,8.98288575209946E-09,0.041147789698456,3931881.8018189,0.011984408150614
0.437056035851128,3,1.31116810755339,5.66201999705379E-09,0.018157505357993,2102389.42555116,0.006924168082181
0.447903715423308,4,1.79161486169323,2.90552064890386E-08,0.0008165928674,25176.5534300845,0.000227883919196
0.482412822195329,2,0.964825644390658,0.000377840349776,0.021281383912666,27.1712972942266,0.010622724276887
0.850497330422513,4,3.40198932169005,4.68164572954748E-05,0.001338774257832,48.6420373561612,0.000192718310504
0.833053383161314,5,4.16526691580657,0.007668503603363,0.004527935046823,1.22970914685249,0.000203146308171
0.063238936825655,5,0.316194684128277,1.38555877240046E-05,0.000914593458602,10.4358470932049,0.001307665660261
0.976340158493258,3,2.92902047547977,1.1220308292673E-05,0.000766662689486,100.067246670819,0.000129565706527
0.620226119994186,5,3.10113059997093,9.56281584255618E-06,0.004454291377455,722.242251614911,0.000717177804148
0.063127218629234,4,0.252508874516934,3.72228515242805E-06,0.000123724450334,4.19655136893468,0.000186722310141
0.412069587619044,4,1.64827835047618,6.86924983570071E-06,0.014745922430318,1769.14403181079,0.004470600298069
0.090271107270382,4,0.361084429081529,0.005972339494527,0.039975917976656,1.20846123473388,0.02039085432548
0.825165600865148,1,0.825165600865148,0.013361141141257,0.005794608169183,0.178933493821777,0.000208976856014
0.661046072258614,2,1.32209214451723,1.03705057452448E-08,0.000501625451466,31975.0591323588,0.00018970302695
0.772083197138272,5,3.86041598569136,0.067676424522226,0.000162240243552,0.004627274816556,3.24114087008906E-08
0.768083333852701,5,3.8404166692635,0.013900138633347,0.002232962496496,0.308468376452364,2.9704595225247E-05
0.782621060614474,1,0.782621060614474,0.001865593839888,0.001496795094248,0.313954554077178,9.94236773259438E-05
0.14393441111315,4,0.575737644452602,0.128130780802918,0.047549649417284,0.106828831364737,0.001469365133285
0.629730692016892,5,3.14865346008446,2.29096888936679E-08,0.001365241409219,93817.7752421722,0.000216795349897
0.457391626317985,5,2.28695813158993,8.67300311572522E-08,0.006636674101434,87500.2326210768,0.001450966277489
0.448808281566016,2,0.897616563132033,1.26939493632764E-09,0.012637923958518,4468274.4290706,0.00703971030016
0.438629452022724,1,0.438629452022724,7.00432697495123E-07,0.000246509460407,77.1853669335042,0.000277359085437
0.517089483211748,4,2.06835793284699,0.012108926010194,0.000904473607229,0.077247774038234,5.62771661968184E-06
0.404884441173635,1,0.404884441173635,0.067832496242561,0.044139926947224,0.131733097301663,0.002390794649554
0.848428293247707,3,2.54528487974312,6.1649273083451E-07,0.014633614003434,30208.5609416022,0.002874556341504
0.402796083479188,5,2.01398041739594,0.006717771194078,0.00074617561321,0.111851314187988,6.90102667992838E-06
0.269116788753308,1,0.269116788753308,0.000539609219013,0.013907169895206,3.46792898543092,0.018438122059828
0.00579748058226,4,0.023189922329038,8.93171366000099E-06,0.01798725423274,23.350671799853,0.371216083949819
0.513213808764704,4,2.05285523505881,1.56606216906871E-07,0.010034490043043,65768.0002201192,0.002443995391791
0.199752538581379,3,0.599257615744136,1.04117321822154E-10,0.013164157046124,37883808.5089091,0.010983720817874
0.157529221731238,5,0.78764610865619,0.00109949741178,0.000227456583253,0.081471448121585,3.9194891410975E-06
0.255148224183358,2,0.510296448366717,0.000962488189178,0.000392674253231,0.104094927627108,1.33405790639754E-05
0.623755538952537,5,3.11877769476268,5.55813316535612E-05,0.095339620421292,2674.84668638749,0.015279059094034
0.205283219576813,2,0.410566439153627,0.000164844599501,0.010555063158992,13.1443635682924,0.011876339171862
0.327903949539177,3,0.983711848617531,8.90872451407833E-07,0.011987407193252,6618.31807211551,0.006092025811894
0.470636228448711,1,0.470636228448711,5.69595649659067E-07,0.00145462414013,600.951586911751,0.001542808986747
0.53871717362199,1,0.53871717362199,1.43608544895584E-05,0.006248353144996,117.196896205294,0.005749805689339
0.61258361779619,2,1.22516723559238,3.57083136761662E-06,0.000706505597995,121.202518589387,0.000285951356134
0.218701437930576,5,1.09350718965288,1.13556056248082E-06,0.000441028586376,212.347956586062,0.000200708178172
0.64212815661449,4,2.56851262645796,0.011963678976547,0.004999481963721,0.536675740578548,0.000170848233659
0.929037096793763,2,1.85807419358753,7.35316638045255E-07,0.056572823268029,71477.032841356,0.015223297320616
0.844453901867382,1,0.844453901867382,0.087619370991938,0.000658338381493,0.003172451529307,4.12208252604767E-07
0.413505744072609,4,1.65402297629043,0.002018957612716,0.044133492653367,18.0780939661238,0.012603278226836
0.529929702286609,2,1.05985940457322,9.31789967985142E-09,0.088502570692332,5033338.25754766,0.041752025187103
0.018636546214111,3,0.055909638642334,0.002135472032972,0.009073776487325,0.118782067078095,0.003209910134985
0.789005059865303,1,0.789005059865303,0.018653368504503,0.002533824451623,0.053588184693255,2.86768470724777E-05
0.119688764563762,1,0.119688764563762,0.000283508173868,0.05632611698378,11.8896102050164,0.215511847871101
0.533608195954002,2,1.067216391908,0.000170500705428,0.007185109173004,22.4869048718348,0.003216585256148
0.760897888452746,4,3.04359155381098,4.35366352480756E-06,0.008999557708661,3145.73894767462,0.001477973748646
0.535117705236189,3,1.60535311570857,3.52479555456126E-07,0.000732945246148,1669.08394591049,0.000228144857581
0.008500391501002,2,0.017000783002004,0.000226436163223,0.022341888127132,0.838712303056637,0.175625897237547
0.358989900327288,3,1.07696970098186,1.45917109319723E-05,0.010413476243583,384.293468001045,0.004822038408112
0.703389784437604,5,3.51694892218802,0.129352803923428,0.083755562383379,1.13860707273823,0.004171393096812
0.177121432381682,1,0.177121432381682,0.036337994373307,0.007093738987533,0.017288422656269,0.000115398338622
0.312806269270368,3,0.938418807811104,0.000820244348535,0.010480640749899,5.99530518874,0.004652842291555
0.298043420654722,4,1.19217368261889,0.310015314289765,0.083047437256831,0.159680771469885,0.001850763808362
0.52474979578983,1,0.52474979578983,9.74113783755512E-06,0.003403392397227,91.6694484371402,0.003207495871219
0.924107068567537,2,1.84821413713507,4.14895750999333E-07,0.006314552348444,14064.551025123,0.001708163370312
0.176483742310666,5,0.882418711553328,0.00092588831396,0.002002854088096,0.954410967931933,0.000340861313102
0.840719554224052,5,4.20359777112026,0.401164836982823,0.001878508366191,0.009841956289766,7.33025963639921E-07
0.734471506089903,4,2.93788602435961,0.000156011324777,0.006299906615107,59.3175130898543,0.001054108301714
0.943632436101325,1,0.943632436101325,0.913521967380043,0.007485162551099,0.003865939969109,5.1109519524278E-06
0.069778948440217,4,0.279115793760866,0.024569011882379,0.054996959775807,0.312395959506791,0.010192948234937
0.26553062198218,2,0.531061243964359,4.43278360250727E-08,0.002343406329815,14037.3678507714,0.002206185647951
0.709794372902252,5,3.54897186451126,0.005837420236814,0.016997664733303,5.16702853774746,0.001931422703253
0.357524135266431,4,1.43009654106572,0.006665307652567,0.002663333813475,0.285720080219123,8.82059797722054E-05
0.791858798940666,3,2.375576396822,0.000781025820567,0.070424660857525,107.102196676349,0.014684249805407
0.194956763531081,5,0.974783817655407,8.56548762922594E-07,0.000310217312068,176.519323154976,0.000158219645071
0.870258338865824,2,1.74051667773165,1.97025384730906E-10,0.038450761741283,169836471.004974,0.011045789450577
0.302919442183338,3,0.908758326550014,9.35552359421173E-07,0.003872785985904,1880.93508406823,0.002129678983054
0.031465208507143,1,0.031465208507143,1.17918909469135E-07,0.002478660758563,330.700046064561,0.039268221673076
0.768841591547243,3,2.30652477464173,7.85530621800384E-08,0.000475754779438,6984.70661088486,0.000103117614622
0.058341768453829,3,0.175025305361487,1.34294020609046E-05,0.001086604911993,7.08085719923836,0.002665756693824
0.312810006202199,2,0.625620012404397,2.93548712822534E-09,0.088060523326445,9383864.29395356,0.070378594191512
0.739373297081329,3,2.21811989124399,1.4231404524507E-05,0.030733507439263,2395.07646843051,0.006924935754836
0.490157197113149,3,1.47047159133945,1.35913199593359E-09,0.014737865181629,7972592.85022186,0.00501127101668
0.416922815726139,5,2.08461407863069,0.006788244034611,0.070440252527755,10.815811966465,0.015333183898611
0.184852244448848,4,0.739408977795392,7.95321470681868E-10,0.092637096166809,43062272.9975516,0.062642662448986
0.11695886857342,3,0.350876605720259,4.14304238102919E-07,0.006604782007106,2796.81364446955,0.009408464915242
0.964284442248754,5,4.82142221124377,0.003304363676551,0.000152806152866,0.11148031081904,5.88373428379E-07
0.287644908879884,3,0.862934726639651,0.010171087807709,0.086277164185927,3.65996059121607,0.036398035926606
0.407264704466797,5,2.03632352233399,1.47484846445233E-07,0.052433338164451,361973.594007202,0.012874475184157
0.623963908175938,5,3.11981954087969,9.40285565176893E-11,0.002857632802198,47407399.3429815,0.000457980454394
0.013192514539696,1,0.013192514539696,8.71403237393899E-11,0.092356265977118,6991088.2209887,3.50032787489629
0.774660042836331,5,3.87330021418165,3.50214159675831E-05,0.003777190499463,208.874946463013,0.000485258925162
0.562128571677022,4,2.24851428670809,1.994707371388E-07,0.004751719667456,26781.6465511747,0.001056595964515
0.454890343942679,5,2.2744517197134,0.0109952560401,0.023543341397266,2.43505895331226,0.003130186491644
0.526958604925312,4,2.10783441970125,2.2364804073799E-05,5.38875411076757E-05,2.53939210835507,7.90912875261835E-06
0.713932119891979,3,2.14179635967594,0.00045613502235,0.002929391663787,6.87752539724361,0.000584430215111
0.253205016138963,1,0.253205016138963,4.26826169669032E-10,0.063525343991324,18842490.0973491,0.125442500288131
0.309631666517816,3,0.928894999553449,4.87297228483172E-05,0.006296781406295,60.0152065280108,0.003332917952831
0.358510132995434,2,0.717020265990868,6.08013384517781E-11,0.085153093424058,502098269.968903,0.059379837149225
0.315799612435512,3,0.947398837306537,7.37092833234274E-10,0.00080488752446,517268.294069249,0.00042478728954
0.078514481312595,2,0.157028962625191,1.0788343242918E-06,0.000539937689263,39.2951231334224,0.001675477895454
0.022269526845776,1,0.022269526845776,5.13870701172286E-11,0.038686092287424,8382662.88375224,0.868588002347926
0.201869202661328,3,0.605607607983984,0.151332069925227,0.082005008177422,0.164085698654535,0.003696496486021
0.936593636753969,2,1.87318727350794,1.08813893568502E-06,0.086472065183166,74429.0856172171,0.023081222203822
0.751978247077204,3,2.25593474123161,0.004413387528701,0.014294827392618,3.65345185814751,0.00230532600225
0.777736091171391,1,0.777736091171391,9.89940429263679E-10,0.011689475451063,4591855.56847872,0.007515063938822
0.670919900643639,4,2.68367960257456,2.80219381685251E-05,0.055247686912647,2645.55380797022,0.01028938097489
0.543866529478692,3,1.63159958843607,2.94805810675548E-10,0.00549288691079,15200161.7648469,0.001683282647394
0.430349578033201,1,0.430349578033201,0.070269876904566,0.031262435770356,0.095729326951393,0.001158323876553
0.024275572621264,3,0.072826717863791,1.09019138593722E-10,0.067323658498949,22486698.8783174,0.462218108132605
0.255273116868921,1,0.255273116868921,1.57681803536172E-06,0.001370425389404,110.929971862384,0.002660036116337
0.777952395728789,3,2.33385718718637,1.38590308224674E-10,0.023900949545633,201245684.464543,0.005120482426708
0.626619048300199,3,1.8798571449006,2.7698862591889E-08,0.007402338792347,251189.727043936,0.001968848894532
0.627752105123363,2,1.25550421024673,0.00937102945837,0.021954810080696,1.4707218995487,0.003773003942441
0.025074401753955,3,0.075223205261864,0.000838399587632,0.010057726841179,0.451201588003277,0.009920788895665
0.545996334752999,4,2.183985339012,4.29439109939568E-05,0.014409495893065,366.409661400369,0.003289896101078
0.03969635500107,3,0.119089065003209,0.143788023931236,0.012665182775164,0.005244820582242,9.29647199734476E-05
0.324003378744237,5,1.62001689372119,2.5703434576088E-08,0.066478704026564,2094985.07440548,0.020517894767615
0.241878342931159,5,1.20939171465579,0.099626586963496,0.042206887834418,0.256179911427935,0.001483603038983
0.917944233049639,3,2.75383269914892,2.65041504497763E-09,0.005804869989907,3015686.32105512,0.00105396164168
0.242159392568283,1,0.242159392568283,5.7469121237099E-10,0.003440926823528,724956.92601564,0.007104663669342
0.051417914568447,3,0.15425374370534,7.52076283765308E-05,0.000645466929812,0.661938772107985,0.000448695675865
0.114609673502855,2,0.22921934700571,5.35321711066348E-06,0.080175539154274,1716.51778275211,0.174786360646461
0.114083896507509,5,0.570419482537545,0.00124898688732,0.04811603758695,10.9874353128719,0.038337444298911
0.393606054945849,5,1.96803027472924,0.011928482395373,0.085209233470399,7.02915700413284,0.018568594475811
0.393283230368979,3,1.17984969110694,0.000103138917694,0.002377159905799,13.5966686643663,0.000933307830258
0.228036331594922,2,0.456072663189843,1.29366666643887E-10,0.000436711579559,769797.2681159,0.000478773502009
0.558961243950762,5,2.79480621975381,2.6473922404459E-08,0.022695956637495,1197986.45256755,0.00406037769846
0.538405521190725,3,1.61521656357218,1.18352908383128E-06,0.025548071748281,17433.3141529438,0.007908105590994
0.252088218345307,2,0.504176436690614,1.78251375883516E-05,0.034653547685153,490.080430066518,0.03429636457507
0.070346813765355,1,0.070346813765355,1.16866220729377E-06,0.090406594896241,2720.98124446622,0.642341595350797
0.541224866756238,3,1.62367460026871,1.13389574217989E-10,0.002796138864812,20019563.9014036,0.000861052677882
0.824710639077239,2,1.64942127815448,1.75917365134328E-10,0.001325703931894,6214975.62827196,0.000401869351434
0.094124359660782,5,0.47062179830391,0.005061830485131,0.058731243638037,2.73025771790988,0.040076241996968
0.037427416420542,1,0.037427416420542,5.47705318746558E-05,0.001597620987806,0.545866763989534,0.003808446251553
0.748531891382299,4,2.9941275655292,5.16875557344212E-09,0.001563996861257,452991.6387179,0.000261176816023
0.079992876737379,1,0.079992876737379,3.08528060193099E-09,0.00084146421146,10908.4312953792,0.005259137481323
0.097502424730919,3,0.292507274192758,5.31856412063357E-06,7.96053625496077E-05,2.18904455059368,7.73713993717472E-05
0.706612259498797,3,2.11983677849639,1.0198771207335E-07,0.007161337177401,74424.9754369868,0.001689101969504
0.356615512748249,5,1.78307756374124,0.000112675398777,0.019440722350699,153.823799262103,0.005416012091709
0.577859894721769,4,2.31143957888708,1.9211722566673E-05,0.010007870295947,602.043554973803,0.00216126071835
0.83247596968431,2,1.66495193936862,1.15711157653371E-06,0.059174850006639,42572.9390658854,0.017770320765277
0.086626326548867,1,0.086626326548867,2.04813932943083E-11,0.008103948611586,17137879.4566085,0.046775319129727
0.686861165217124,3,2.06058349565137,9.0282592218967E-08,0.001243737301791,14193.3483189145,0.000301771240096
0.76267985010054,5,3.8133992505027,0.349881080094251,0.0001480178571,0.000806632906778,5.21826946785739E-09
0.838708540075459,4,3.35483416030183,4.72951415266519E-08,0.00099691690625,35357.6581453585,0.000148574961294
0.326201471150853,3,0.978604413452558,1.14083061537901E-06,0.023714479018967,10171.139132245,0.012115287416947
0.457940231193788,1,0.457940231193788,0.108039116172055,0.019599228662089,0.041537156276081,0.000296255036683
0.618195254472084,2,1.23639050894417,0.003328317326702,0.001906668443049,0.354140926974704,9.0269524478318E-05
0.975373943685554,3,2.92612183105666,1.04779876311612E-06,0.003270990123754,4567.3443924584,0.000558806868552
0.189179983339272,2,0.378359966678545,0.010013177403771,0.000644124997335,0.012169519359394,3.45289095209573E-06
0.050309549435042,4,0.201238197740167,5.99251536744136E-06,0.008010526191404,134.503105529521,0.019755120648728
0.52317954308819,1,0.52317954308819,2.88389826216073E-05,0.094119359400787,853.728512082866,0.089844027325763
0.470340663916431,3,1.41102199174929,0.00186001727517,0.007357901477196,2.79087751926868,0.001692786689886
0.726115451776423,3,2.17834635532927,0.000989752272968,0.024465607858,26.9231853080622,0.00540705771629
0.521955205244012,1,0.521955205244012,3.03969785473039E-10,0.003076765640235,2641601.10311181,0.002947345332116
0.402482086909004,2,0.804964173818007,6.0675872708605E-08,0.000449931189511,2984.53464344223,0.000279379163646
0.330706580425613,2,0.661413160851225,0.096042296235947,0.000512515731784,0.001764767521345,2.27913751785503E-07
0.894138865289278,4,3.57655546115711,1.01032664094332E-08,0.005476982190458,969425.617919675,0.000765677563262
0.292392493807711,4,1.16956997523084,1.61288842777205E-06,0.006017267008095,2181.68061238337,0.002571248000342
0.030279114493169,5,0.151395572465844,0.020679180762738,0.000678598891866,0.002484065226943,1.85571611000677E-06
0.522945108008571,4,2.09178043203428,9.5272351208634E-11,0.000712533018475,7822115.26384815,0.000170317332658
0.51628372061532,2,1.03256744123064,0.001883676952986,0.000953579791057,0.261359954343655,4.00458004237447E-05
0.217461521853693,5,1.08730760926846,5.34777883855481E-09,0.000427444511621,43453.8977822274,0.000196556462606
0.739898165571503,5,3.69949082785752,1.68854704068378E-10,0.001812138335284,19851354.4149686,0.000244917250551
0.531200177385472,4,2.12480070954189,1.8492538586357E-06,0.024260053605662,13937.4534421315,0.005708373698122
0.643406250630505,3,1.93021875189152,2.94926782900332E-07,0.000438677921286,1435.51620063085,0.00011355509107
0.07944875524845,1,0.07944875524845,0.002118704297114,6.35257166231631E-05,0.00119106737048,1.58725795104864E-07
0.27363859990146,1,0.27363859990146,1.76039799543203E-09,0.001109780796695,86252.899683237,0.002027798582699
0.00301041372586,1,0.00301041372586,0.000103214049801,0.001026019177468,0.014962799254505,0.000849932448141
0.632065029698424,3,1.89619508909527,0.000105286585976,0.000854489457933,7.69461132580264,0.000196034533425
0.530282063758932,2,1.06056412751786,1.37759805107931E-08,0.013032726353659,501671.806359554,0.006144230243564
0.969878275995143,1,0.969878275995143,1.33050081383336E-06,0.026724091055337,9740.36058106985,0.013775619101777
0.686504641664214,2,1.37300928332843,9.91070374061799E-09,0.000405362606796,28079.0666743196,0.000147613047941
0.084207228501327,3,0.252621685503982,3.21330035963912E-06,0.091779813509487,3607.75037952126,0.181604310220507
0.708142253221013,4,2.83256901288405,0.000229213389003,0.000573913405195,3.54614827411761,7.29068302198904E-05
0.601701590348966,4,2.40680636139587,4.0391120126625E-08,0.005966713502431,177770.806668116,0.00123954299649
0.693174701998942,4,2.77269880799577,2.78982242666679E-10,0.007502937365479,37284425.8668221,0.001353002558844
0.520446467329748,5,2.60223233664874,0.000941613363597,0.024773956338038,34.2325166474245,0.004621082327419
0.202119929133914,4,0.808479716535658,0.060408696362416,0.000403684008004,0.00270135222256,2.24803034506836E-07
0.670128468307667,1,0.670128468307667,2.63683280306906E-08,0.000766365511656,9738.26148347059,0.00057174620357
0.839353307965212,2,1.67870661593042,0.487718246566059,0.011340069760316,0.019516032325823,2.19720295975786E-05
0.132737428299151,5,0.663687141495757,6.34919864942695E-08,0.026340367336359,137669.051392762,0.019843819744588
0.071915888809599,3,0.215747666428797,0.000544219863759,0.00920546306435,1.82468273099496,0.0107813605666
0.599748036707751,2,1.1994960734155,2.49084468563178E-08,0.046237798051358,1113318.25556831,0.0192738257109
0.261448637000285,3,0.784345911000855,1.63135690351683E-05,0.016461935295235,395.739632699123,0.010467535541988
0.508235891000368,4,2.03294356400147,4.86479059951067E-05,0.020492855803032,428.187179495201,0.005028421986604
0.944938023923896,1,0.944938023923896,4.96805179337215E-05,0.000862802597203,8.20537924267805,0.000400900301065
0.455767277511768,2,0.911534555023536,1.17337980282719E-08,0.003868513188051,150261.809474473,0.002121964231404
0.058270679670386,3,0.174812039011158,0.000116474444342,0.086119261281694,64.6265528364518,0.242508164749602
0.028203398338519,5,0.141016991692595,1.01930202359336E-08,0.009490819450045,65651.1405140149,0.033650820272453
0.735355094191618,5,3.67677547095809,8.84186723091398E-10,0.039114535727429,81326354.3574249,0.005319135687701
0.311638546525501,3,0.934915639576502,1.01826352897766E-09,0.061500628453477,28233309.8204292,0.032891003033726
0.568372792215087,4,2.27349116886035,3.92743290350612E-06,0.000533010643819,154.273162827256,0.000116463101196
0.220805384800769,3,0.662416154402308,0.000302077698737,0.004451612052662,4.88089612232363,0.002672094333072
0.103172763134353,5,0.515863815671764,1.74365926067193E-05,0.03462461362058,512.186804536273,0.033494316752666
0.231092548114248,3,0.693277644342743,4.73675655560469E-07,0.018165220932615,13293.4228615021,0.013099985697646
0.676705642486922,4,2.70682256994769,2.42796916719634E-06,5.87784167425636E-05,32.7645727989791,1.05260785874747E-05
0.968693806440569,5,4.84346903220285,1.46828292265723E-08,0.008352219821537,1377585.93495573,0.000862214014693
0.575108684482984,3,1.72532605344895,2.43067292969528E-09,0.024476889203611,8687021.22248678,0.007093408905825
0.236476316000335,5,1.18238158000167,3.44441537441357E-09,0.007915982787303,1358679.37195442,0.003347471364134
0.101079597254284,3,0.303238791762851,1.35094154128974E-09,0.000735964279346,82599.0289100527,0.001213491461603
0.942941860645078,3,2.82882558193523,0.047395493793729,0.00053633959378,0.016005858806884,5.05771090518236E-07
0.478883001836948,3,1.43664900551084,1.09254461621093E-05,0.012508028213287,822.375856641922,0.004347902146098
0.614178931922652,3,1.84253679576796,0.01678864458332,0.001889699206086,0.103696290158136,1.77123978303819E-05
0.776636316557415,3,2.32990894967224,5.69092577922388E-06,0.004470046058137,915.035683150336,0.000958226490575
0.255031352280639,3,0.765094056841917,6.73721264890024E-06,0.001103589910505,62.6631609925517,0.000709702577275
0.624264326761477,5,3.12132163380738,5.38032555148841E-08,0.000330132053353,9576.07778826572,5.28778539057166E-05
0.483293566037901,2,0.966587132075802,1.43446482041819E-05,0.0606014572772,2041.75759333388,0.031332807070666
0.193850840558298,5,0.96925420279149,4.14931692543346E-06,0.008516852187523,994.741414750852,0.004389091265985
0.950916480855085,3,2.85274944256525,3.54821087622888E-06,0.005199893105595,2090.34816078236,0.000910946726569
0.14581461052876,3,0.437443831586279,8.51145325458311E-05,0.000858693572884,2.20661616439285,0.000560770949132
0.394424358499236,3,1.18327307549771,1.02061957057351E-08,0.017117867373639,992294.884262586,0.007233262751141
0.057079314137809,1,0.057079314137809,1.85792214456716E-09,8.60417460731706E-05,1321.69258745238,0.000753133142066
0.641726725385524,1,0.641726725385524,1.39740334915556E-05,0.083340103423005,1913.60539157338,0.064900329669314
0.173076365725137,5,0.865381828625686,0.000122116039345,0.005630587596576,19.9507297185948,0.003090175212518
0.992819766630419,4,3.97127906652167,1.5573524634107E-08,0.001054626001019,134465.840561363,0.000132780665911
0.560121253482066,5,2.80060626741033,4.26719836861401E-07,0.001037519998963,3404.67534041808,0.000185176916358
0.992617838201113,5,4.96308919100557,6.30179161685527E-05,0.000943319159627,37.1463974807781,9.24751188763811E-05
0.510300186811946,5,2.55150093405973,0.000109223936936,0.001920098460204,22.4270116611861,0.000359490956129
0.041361088282429,1,0.041361088282429,0.086091415475936,0.002694095648532,0.000647165151974,7.02562417954781E-06
0.626096633146517,3,1.87828989943955,0.000138043864887,0.003493220703564,23.765203797278,0.000890765537299
0.861600647098385,5,4.30800323549192,2.06480376227316E-09,0.085746205567999,89450372.419756,0.009951966133983
0.275138626457192,5,1.37569313228596,4.11371136372997E-05,0.014972217243773,250.347856426619,0.005419962940842
0.989526824676432,1,0.989526824676432,2.48087195507367E-10,0.002290092234525,4567159.72868107,0.001157165059092
0.902917582192458,3,2.70875274657737,0.007503884577434,0.001001825381172,0.180819495878171,1.11217196510251E-05
0.098465397371911,5,0.492326986859553,0.011222805680492,0.070569204853274,1.54788049350613,0.032159605252083
0.169853411032818,1,0.169853411032818,0.00101127313596,0.010636592380707,0.893260897271384,0.008861965594797
0.213995705475099,1,0.213995705475099,2.24829880543637E-07,0.005695778762238,2710.65436566537,0.013303251795621
0.422942412435077,2,0.845884824870154,1.20894434088852E-10,0.067986152715029,237845750.784036,0.040186412162923
0.001490919734351,3,0.004472759203054,1.09472926734174E-06,0.018890007030528,38.5896565078188,2.05695149266008
0.162772639538161,2,0.325545279076323,0.068361070446875,0.016232114639721,0.038649835760643,0.000321156603052
0.605536255869083,1,0.605536255869083,3.39281091275617E-07,0.000942398842742,840.979178391448,0.000777226992192
0.874101778608747,1,0.874101778608747,0.023013338565133,0.003255975629169,0.061834880682528,3.83787425542383E-05
0.49731972895097,1,0.49731972895097,7.84840980528703E-06,0.005912251892705,187.316894868885,0.005912382635606
0.51796673994977,2,1.03593347989954,0.036592189473375,0.070835266007185,1.00268151032374,0.010727680050716
0.938578655594029,1,0.938578655594029,2.71159450757586E-09,0.076646383773577,13265010.6122725,0.040831089402401
0.689534012344666,2,1.37906802468933,1.03950059073775E-06,0.023575936570071,15638.6733040789,0.008547232118835
0.911823113565333,2,1.82364622713067,7.04084316522302E-12,0.001214785865344,157320622.553274,0.000333065108668
0.919369903742336,1,0.919369903742336,9.29919105285789E-05,0.010730459077982,53.0436522572736,0.005725749863418
0.854862608830445,1,0.854862608830445,2.54858522934254E-10,0.010015000794826,16796475.1744104,0.005857666539113
0.805700195836835,5,4.02850097918417,9.40872036510152E-08,0.007327250130082,156864.234339723,0.000909420583136
0.64598781557288,5,3.2299390778644,0.000308876954965,0.001029108161866,5.3807132806871,0.000129707262664
0.358666500658728,3,1.07599950197618,0.00010102165812,0.004525594267066,24.1014514518141,0.002015717281213
0.615023916703649,2,1.2300478334073,1.81035713327554E-07,0.07054059903783,239644.182407099,0.028673805508385
0.316969202947803,1,0.316969202947803,9.51396057485327E-09,0.01082000726904,180240.870927195,0.017067821002159
0.208116718917154,3,0.624350156751461,0.015450273057991,0.020402887390589,0.412243391837928,0.002220222865508
0.850777994492091,2,1.70155598898418,0.002529273763833,0.001348632934862,0.453642954762228,5.91189756779858E-05
0.999996956321411,1,0.999996956321411,3.98684606123772E-05,0.012794608179182,160.459785002769,0.006357454857681
0.233375333133154,5,1.16687666566577,1.01071273911685E-07,0.004575843836439,26414.2579380987,0.001960648771723
0.67947351525072,1,0.67947351525072,0.000198078695435,0.007604222071376,13.0424614576684,0.0051666371864
0.718057645135559,1,0.718057645135559,6.41178164858574E-10,0.007854454551075,4398115.41306388,0.005469235526156
0.099622937501408,4,0.398491750005633,1.62967052908767E-07,0.010456676681597,12784.4840896313,0.013119291380709
0.872460910934024,4,3.48984364373609,6.28229222762384E-05,0.001397008124345,38.8022376733434,0.000194995102308
0.136282029445283,3,0.408846088335849,5.88934445280951E-07,0.052206102814217,18121.0838437795,0.063842144200921
0.697939930600114,4,2.79175972240046,9.62650559337347E-07,0.002133046617622,3092.99858360783,0.000381901952987
0.529516953160055,3,1.58855085948017,0.011523260992672,0.000485109010599,0.033437597925538,1.70172613645916E-06
0.708427697769366,5,3.54213848884683,3.43194032273772E-05,0.024193981567235,1248.54200901999,0.003412430634204
0.831989647937007,5,4.15994823968504,1.39860039089898E-05,0.000415169272883,61.7432505074796,4.90925758380776E-05
0.915637327474542,1,0.915637327474542,0.000854044591943,0.007361512895465,3.94620846344587,0.00300421904159
0.241364054498263,1,0.241364054498263,9.86811423566368E-11,0.000933335277059,1141421.66019433,0.001933457865761
0.175741091952659,3,0.527223275857978,1.28219920118604E-05,0.003870608491357,79.5771392810562,0.003624620689634
0.739058718667366,4,2.95623487466946,6.34413612785722E-09,0.016195823289369,3773457.62031964,0.002739264585521
0.429608607315458,4,1.71843442926183,0.001975113066932,0.03708331725923,16.1320509180955,0.010121009338818
0.358582433895208,1,0.358582433895208,0.043168744044052,0.093317725906796,0.387573208605254,0.016644414131173
0.287362232455052,3,0.862086697365157,0.000543680844795,0.043828000439938,34.7479008255361,0.024688170548276
0.936687211156823,3,2.81006163347047,0.000284045212351,0.008893589061026,43.9921750438466,0.001546483176871
0.21538914705161,3,0.64616744115483,0.007930930936715,0.000728397460555,0.029672854737109,5.57450027109796E-06
0.387011268292554,1,0.387011268292554,0.016361299442248,0.013226024176654,0.156424629019919,0.000889512828937
0.682675106800161,5,3.41337553400081,1.97802237055925E-11,0.000376885955096,32518674.1409471,5.52072193276621E-05
0.129597721504979,2,0.259195443009958,1.83130054951211E-10,0.006534341636882,4624231.60360315,0.012605044571646
0.510117820813321,4,2.04047128325328,1.04276959732469E-06,0.000546948262662,535.128865595206,0.000133774530456
0.931712950230576,1,0.931712950230576,1.60006301351482E-05,0.09091832642808,2647.07644107881,0.048772521467511
0.365105059579946,4,1.46042023831978,3.89651624682597E-07,0.01167416316882,21877.4708960596,0.003996667961304
0.16041307465639,5,0.802065373281948,0.001320672502975,0.093548596412892,28.4067737205391,0.056264377080362
0.277274992666207,2,0.554549985332415,0.000190907634553,0.00136913175017,1.98853229141767,0.000660819354356
0.585810306598432,3,1.7574309197953,2.0625323613442E-08,0.06525710546243,2780195.28385178,0.018566044689228
0.11715123814065,4,0.4686049525626,1.10472211794976E-05,0.000583571227233,12.3770658164314,0.000572360390455
0.240090944920667,5,1.20045472460333,0.000253638766273,0.012377024998979,29.2898013085554,0.004979135657833
0.971848077024333,3,2.915544231073,1.07494435050566E-06,0.020500548854461,27801.5587124756,0.003515606322742
0.949960185564123,5,4.74980092782062,0.111032951147704,0.001669777228197,0.035715115854186,2.09241107607545E-06
0.933337504626252,2,1.8666750092525,5.58473869627325E-11,0.012887735210591,215383517.043746,0.003452056487303
0.197979931137525,1,0.197979931137525,8.69847160775879E-05,0.068649954700453,78.1247207386799,0.171156823193805
0.180861259694211,1,0.180861259694211,6.30249210288124E-10,0.005887933278358,844823.771562057,0.016277466824268
0.457436089054681,2,0.914872178109363,8.28802361633981E-08,0.001118272405581,6172.01614505561,0.000611064172699
0.198917774134316,5,0.994588870671578,4.25666800127699E-08,0.002522241872996,29466.635585284,0.001267939120794
0.894576673512347,5,4.47288336756174,2.20195110319499E-05,0.024557720980024,2494.23844056727,0.002744077274498
0.571499154088087,2,1.14299830817617,0.000717908283033,0.002514141712351,2.00141145578574,0.00059120931773
0.268511132220738,4,1.07404452888295,0.000863951637718,0.000117422683927,0.072988571195838,1.32947181958095E-06
0.862809379468672,2,1.72561875893734,3.61771153155298E-07,0.003365145084507,8025.73316546209,0.000974933128383
0.946328535093926,1,0.946328535093926,2.59326201725736E-06,0.047857254176687,8731.99178047947,0.025282854591175
0.450120914843865,1,0.450120914843865,0.002997304730707,0.000336757532456,0.025286319244862,3.15285487184591E-06
0.008469601976685,3,0.025408805930056,0.004577686324724,0.008159930796924,0.022646167006018,0.001212078720569
0.710647406405769,1,0.710647406405769,1.95585041796294E-09,0.000612523146671,111278.444800139,0.000430957488011
0.98637759743724,2,1.97275519487448,7.14151800061195E-10,0.000407162317367,562367.536337163,0.000103196178221
0.389911759993993,5,1.94955879996996,8.6657560957225E-09,0.002995597111698,336963.828993442,0.000768273370821
0.652324537863024,3,1.95697361358907,3.23386013544628E-09,0.028972002511493,8766217.78201988,0.007402245744489
0.241644449648447,3,0.724933348945342,0.020214018377231,0.095192109238821,1.70693261616403,0.031660630626604
0.734914053813554,4,2.93965621525422,2.16889228171213E-11,0.022202834791362,1504655206.73913,0.003776433900909
0.071448336704634,1,0.071448336704634,1.11655211340864E-08,0.011160854041649,35709.2359551672,0.078102178499136
0.472533441032283,2,0.945066882064566,2.64285506154582E-10,0.044658725386991,79848272.7497267,0.023627282722116
0.596876048366539,1,0.596876048366539,0.111825925446248,0.055155755468653,0.147198197723055,0.002263765490818
0.214554102742113,2,0.429108205484226,7.92572369374794E-10,0.000538656458808,145817.540039901,0.000627642116696
0.061274565407075,1,0.061274565407075,1.39378222463918E-07,0.001162879156171,255.617103072695,0.009451963040637
0.06095482816454,1,0.06095482816454,6.47020024800851E-06,9.35076006095127E-05,0.440460844236285,0.000111184515313
0.458855087519623,4,1.83542035007849,3.86622834353684E-07,0.015884112667325,37703.4425311218,0.004326990102258
0.029901653411798,4,0.119606613647193,7.66250748887495E-08,0.027549278101765,21501.2896689558,0.115160842602355
0.624604083946906,1,0.624604083946906,1.08545191755987E-05,0.001101892324509,31.7032212493327,0.000854249814833
0.366424532723613,2,0.732849065447226,5.73931615223831E-08,0.001097647789985,7007.89201834542,0.000748783898003
0.505261286045425,1,0.505261286045425,1.18435003359436E-10,0.000801880153196,1710469.8187437,0.000793529710801
0.210793932783417,1,0.210793932783417,0.211418240051301,0.000576897378826,0.000287596915161,1.31181752848115E-07
0.416585139581002,2,0.833170279162005,9.31382575214318E-09,0.004857487971866,217263.813885214,0.00291504974181
0.760550430160947,5,3.80275215080474,0.034397437921215,0.052505496690695,2.90232939626095,0.004566704351293
0.942322103423066,3,2.8269663102692,1.0859730669779E-07,0.000495429753879,6448.42522300859,8.76121025049446E-05
0.041880527394824,4,0.167522109579295,7.99659778136485E-10,0.036230264491127,3794970.37622261,0.108135741112613
0.489872060599737,3,1.46961618179921,1.11106973217779E-06,0.011000427392596,7275.15368057903,0.00374210473269
0.786349159781821,1,0.786349159781821,0.000121829600742,0.036411452368575,117.508859924014,0.022955191458617
0.388298705802299,3,1.1648961174069,6.75388336294601E-07,0.010445392489545,9008.00065827179,0.004482903138368
0.867439892026596,5,4.33719946013298,1.3064655037137E-06,0.000703281504031,1167.37569837687,8.10060805254971E-05
0.534593255608343,2,1.06918651121669,0.002391186871765,0.09530193999725,21.3064796275443,0.042475765572692
0.968217259156518,4,3.87286903662607,1.55159711175822E-09,0.002743049278556,3423398.55377119,0.000354136487879
0.234650444821455,3,0.703951334464364,9.71385965746627E-09,0.022181892200526,803747.077172496,0.015755254316908
0.982769172987901,1,0.982769172987901,1.16301281925888E-10,0.008947534323924,37804230.3669844,0.004552205305769
0.240095615503378,3,0.720286846510135,7.40892524914094E-08,0.093452662507653,454267.800740856,0.064871694685888
0.060102329938673,5,0.300511649693362,0.355255946486322,0.023023802907316,0.009737938326331,0.000124345126946
0.345080418162979,4,1.38032167265192,0.083141822831538,0.001769086178423,0.014685196389155,3.13682974246895E-06
0.153757964842953,3,0.461273894528858,1.46644332185177E-09,0.000106942726304,16819.5685161002,0.00011591417739
0.973575804266147,5,4.86787902133074,0.038437196330719,0.000672956530225,0.042613292441569,9.81721960318113E-07
0.376912975101732,3,1.1307389253052,0.001351387565806,0.007973890157016,3.33597415530146,0.00247795093663
0.96840752789285,5,4.84203763946425,2.07578151049695E-05,0.0046199510766,538.832649107319,0.000476181457071
0.532182619324885,1,0.532182619324885,0.000131442290826,0.000703698597063,1.42456495640812,0.000278299399153
0.118301645037718,4,0.473206580150873,1.96785492999461E-09,0.001831978441876,220266.301183221,0.001935698066777
0.717865013866685,3,2.15359504160006,7.04790141544389E-08,0.001853471825059,28317.8459579837,0.00043030521914
0.799778842250817,5,3.99889421125408,5.61524026192272E-09,0.044437211503831,15822983.484067,0.005556187079215
0.95609116263222,3,2.86827348789666,1.28891264763882E-07,0.000318272887694,3541.33263941792,5.54659475942888E-05
0.010568743920885,2,0.02113748784177,1.93817685585202E-07,0.006191050244448,337.593674371557,0.146013365639052
0.369990371284075,5,1.84995185642038,0.000353599227552,0.000104034961799,0.272143794042032,2.53823323092729E-06
0.864369042101316,2,1.72873808420263,0.046739137609708,0.000105773897723,0.001956126863485,1.99477981366201E-08
0.834149013622664,2,1.66829802724533,1.55484403192829E-06,0.000721000232564,386.805120298187,0.00021552990907
0.52727256284561,5,2.63636281422805,2.22604398545594E-07,0.00401659156849,23784.7785584973,0.000761735576465
0.630596744944342,4,2.52238697977737,0.015497412709398,0.055602546400002,4.52498561249452,0.008588632217979
0.817914419458248,5,4.08957209729124,8.67149471562829E-09,0.005875028762205,1385364.02803742,0.000718293305712
0.818692556465976,5,4.09346278232988,9.8973181693129E-09,0.000138953666475,28735.1407953719,1.69720403229862E-05
0.230725935776718,2,0.461451871553436,1.27012289641616E-07,0.008263629970513,15011.4115983494,0.00895334918984
0.29086777928751,4,1.16347111715004,3.85035876206396E-06,0.004628003913401,699.226905340807,0.001986033473989
0.752618951606564,1,0.752618951606564,1.62223659336062E-10,0.001426521859488,3309096.19079653,0.000947704961025
0.547619908000343,2,1.09523981600069,5.54995818942452E-11,0.000378690121968,3736573.18982584,0.000172879955188
0.212036403943785,3,0.636109211831354,0.081397002114459,0.004853116075051,0.018963301849163,2.4112447220827E-05
0.151276402291842,3,0.453829206875525,0.02915639839649,0.015012268754024,0.116835521476152,0.000643550525845
0.90699558344204,5,4.5349779172102,7.17506470147183E-10,0.000253530326255,801215.374874416,2.79527281555497E-05
0.586587805883028,1,0.586587805883028,0.196843691278972,0.001132560113814,0.00168749617495,5.43024840090815E-07
0.27462075825315,2,0.549241516506299,5.56061916176199E-08,0.000442791017946,2186.79973503879,0.000402908848907
0.272125973715447,2,0.544251947430894,0.000451266363535,0.000555621935392,0.335055240992648,5.65869957465094E-05
0.551885924884118,3,1.65565777465235,0.091172937828839,0.000448869716968,0.004075631730215,1.84158995427222E-07
0.595637938124128,3,1.78691381437238,2.8141447887613E-11,0.022763566130904,722715670.958719,0.006369519871724
0.570837646373548,2,1.1416752927471,0.000128462224881,0.001278066174054,5.67924374172707,0.000461188219579
0.119181670132093,5,0.595908350660466,7.37586362797089E-10,0.003265456935493,1319108.61882202,0.002739896543127
0.30196937720757,4,1.20787750883028,1.24258464954904E-08,0.00026148607152,12709.1198485598,0.000108233448727
0.964238280779682,5,4.82119140389841,3.531575540424E-06,0.000486282387527,331.928404161065,5.02798297135349E-05
0.04581515036989,3,0.13744545110967,1.26927107676555E-07,0.001374832746135,744.381993933038,0.004994657116173
0.356527533032931,2,0.713055066065863,0.956538401326364,0.032695213043469,0.012186383350852,9.31280238536777E-05
0.141620317357592,5,0.708101586787961,0.000128374278227,0.010834168322413,29.8801749330428,0.007394123484034
0.53316314087715,2,1.0663262817543,0.020768361590096,0.000985850123365,0.025308638138217,3.8995973199584E-06
0.026012261048891,2,0.052024522097781,1.18276493925822E-07,0.001161416538211,255.427508676434,0.011118502774162
0.949361638980918,4,3.79744655592367,5.28801069853582E-07,0.003923285912931,14087.0257525086,0.000516532273945
0.4703853771789,1,0.4703853771789,0.000569125809625,0.023805298647293,9.83760022273984,0.02273186200728
0.300744904554449,1,0.300744904554449,3.88598862586149E-06,0.009938441493381,384.578536650259,0.016480078165177
0.947091978159733,4,3.78836791263893,1.29446978320385E-06,0.054845954445088,80255.5056339646,0.007238641061011
0.819090490578674,2,1.63818098115735,2.89206587085376E-08,0.000783982848156,22203.9512368247,0.000239273788707
0.972607198986225,3,2.91782159695867,2.66553474679603E-08,0.000111859158057,6122.31875024731,1.91651346085216E-05
0.78909851575736,2,1.57819703151472,1.19905546557585E-10,0.0016018196955,10541576.9371711,0.00050748401865
0.178902860614471,2,0.357805721228942,5.88116589395554E-11,0.000102759533828,312590.647649663,0.000143596369477
0.617868541623466,2,1.23573708324693,3.34611593070657E-07,0.007799624596705,14402.1987718736,0.003155640121403
0.766452209674753,3,2.29935662902426,2.53285684561683E-10,0.001328496268488,6030121.09995163,0.000288884297331
0.709819600800984,2,1.41963920160197,0.000879540485743,0.000685716545901,0.553396975765826,4.36666326037156E-05
0.652667279937305,3,1.95800183981191,0.000315925535966,0.039502884062208,122.412896183253,0.01000514434789
0.067002619733103,5,0.335013098665513,2.0210934721527E-06,0.001601312805763,132.715476147692,0.002371917776031
0.912323788390495,2,1.82464757678099,0.014838694511346,0.002059472491455,0.126622038350727,2.37942107580977E-05
0.829378291848116,4,3.31751316739246,0.047951061094898,0.05080680500014,1.75754447067949,0.003770014347055
0.448483302607201,1,0.448483302607201,8.47349230806367E-06,0.00591414963191,156.511463196112,0.006551372450292
0.349965482833795,2,0.699930965667591,0.107896769945786,0.002247454555496,0.007289666957188,3.90113167718857E-06
0.584362617810257,4,2.33745047124103,5.00032630281909E-05,0.000947724758763,22.1511512431637,0.00019357422174
0.237858891137876,3,0.713576673413627,0.215666108188435,0.001064058031803,0.001760329884539,4.37489255401648E-07
0.440522789838724,1,0.440522789838724,5.74317518503705E-05,0.008482005379792,32.5300600534366,0.009331255904035
0.601994261960499,1,0.601994261960499,0.000648646968827,0.001044935512481,0.48489025067819,0.000138127235912
0.389338356791995,1,0.389338356791995,3.01520048328752E-08,0.001678548897989,10837.1478672866,0.002155443947754
0.131366132874973,1,0.131366132874973,1.23472491755954E-10,0.005205869236088,2769341.17094406,0.019814343477782
0.203471614862792,5,1.01735807431396,5.6182905262761E-05,0.047324641454653,428.47647227151,0.023204314199589
0.949238749337383,2,1.89847749867477,2.02570728280532E-08,0.053229203384702,2494300.28109225,0.014018913071533
0.162961834925227,4,0.651847339700908,0.026251980792882,5.99929377681075E-05,0.000744824499026,1.14250186752279E-08
0.048745052772574,2,0.097490105545148,1.8232443445246E-05,0.004568779559824,12.2147863186134,0.021513684587998
0.729533121804707,1,0.729533121804707,0.038206168040862,0.001315395350939,0.012558502016634,3.77392540169083E-06
0.687192887649871,1,0.687192887649871,4.84238824967198E-06,0.007869019764871,558.354074104058,0.00571522687649
0.348123361705802,5,1.74061680852901,0.001274336951103,0.071724588370128,48.9843066991782,0.020182601926874
0.721562659018673,5,3.60781329509336,4.41974242388428E-09,0.025832320749611,10543396.119638,0.003580051985319
0.159107750630938,1,0.159107750630938,0.003128008064707,0.003165950017962,0.080518843869265,0.000266914005872
0.099517471971922,1,0.099517471971922,2.47942321106595E-08,0.010559779164467,21192.0764946322,0.053052397062597
0.920192723046057,5,4.60096361523028,2.51268190631752E-07,0.000507961496546,4650.63316942604,5.51897727148087E-05
0.617303995299153,4,2.46921598119661,0.000776819892258,3.50486821892837E-05,0.055703237677236,1.31750412336408E-07
0.900260431575589,1,0.900260431575589,0.113260648838852,0.003978963501662,0.015813539106272,1.16485637150659E-05
0.409690368804149,3,1.22907110641245,9.15811720819648E-09,0.010024621741287,672680.456846654,0.004078123221058
0.071166085661389,4,0.284664342645556,1.54588881957509E-12,0.009383850421053,863984388.064694,0.016482307413324
0.076544248382561,4,0.306176993530244,6.81486383359911E-08,0.009534790778457,21418.8694431036,0.015569990269472
0.852611130452715,2,1.70522226090543,1.3416949838157E-05,0.000633936929212,40.2849893881462,0.000181266875633
0.261613395414315,5,1.30806697707158,7.01524778522773E-11,0.000332189855057,3097015.19333936,0.00012697734658
0.663782211602666,2,1.32756442320533,0.128763912833669,0.000526290589669,0.002713045323555,1.79256777484142E-07
0.635271098813973,1,0.635271098813973,0.002499216761937,0.066985847103989,8.51350177840246,0.046529476078138
0.582911609322764,5,2.91455804661382,3.69684022069919E-10,0.000218609749228,861750.529698527,3.7503026539584E-05
0.465086179203354,1,0.465086179203354,7.9653692240054E-08,0.00106847058965,3119.32121510495,0.001148311973532
0.707907001837157,3,2.12372100551147,1.0228476260501E-08,0.015501120175875,1609235.51504881,0.003649516698062
0.380124956252985,4,1.52049982501194,0.001879418958547,0.012617254540029,5.10384691848451,0.003336428725407
0.206319169257767,1,0.206319169257767,1.57832036875473E-08,0.002887249091236,18871.1634765873,0.006996674384848
0.695151749649085,4,2.78060699859634,1.60655272233031E-10,0.009123397660655,78953472.966012,0.001640540635499
0.170048548723571,1,0.170048548723571,4.81284604990778E-12,0.001392842747363,24606115.1066422,0.004095426574387
0.915042367647402,4,3.66016947058961,1.14748879042704E-08,0.035352538243831,5638237.26503536,0.00482935725487
0.993346291012131,5,4.96673145506065,2.67914722975349E-10,0.006716175383357,62253838.0193717,0.000676116208038
0.882055285503157,1,0.882055285503157,2.45675472999035E-10,0.074885033710847,134430879.451271,0.042449172055625
0.628103342023678,3,1.88431002607103,1.05057219799878E-10,0.072087857481409,646485186.210666,0.019128449239378
0.126246499246918,1,0.126246499246918,1.12916010115214E-09,0.000696168741482,38917.8055475066,0.002757109533549
0.160822652629577,1,0.160822652629577,1.15861783528727E-10,0.049321556918106,34230543.3845827,0.153341443729461
0.923290634178557,2,1.84658126835711,0.000172338627167,0.002646977059474,14.1809713125401,0.000666182457575
0.999869708786719,1,0.999869708786719,0.000874514230206,4.43019137105403E-05,0.025326141090944,1.87015790278823E-07
0.075961944996379,5,0.379809724981897,0.000296839302306,0.051890031695797,33.1969832070118,0.066252828178813
0.552264324505813,2,1.10452864901163,0.000158036090984,0.000296439294528,1.03592062882545,4.33285666973914E-05
0.67432044481393,2,1.34864088962786,0.000730928335079,0.09704432252207,89.5285728971947,0.035576696214825
0.556416704435833,3,1.6692501133075,0.000462385220422,0.06105081559115,110.19932768388,0.018120954908877
0.6422721297713,1,0.6422721297713,4.61547127709806E-11,0.000725648433625,5048929.3178172,0.000564907191412
0.588364847819321,3,1.76509454345796,4.83004438734742E-11,0.000489892255398,8951327.12600117,0.000138772226815
0.961986154899932,1,0.961986154899932,1.06894226105829E-05,0.000748585466005,33.6841792251214,0.00037753236397
0.155803419067524,4,0.623213676270098,1.12364488669715E-05,0.008940866665594,247.946235046027,0.007144264724452
0.078517404035665,3,0.235552212106995,0.003612325807926,0.047621787843146,1.55265860105013,0.045465020919751
0.201820070273243,5,1.00910035136621,0.000774710779485,0.071485112511782,46.5565047391091,0.034659419144193
0.166830328875221,2,0.333660657750443,8.86195946392555E-05,0.000528269006564,0.994489903260069,0.000246602110066
0.996428752900101,3,2.9892862587003,0.010566099920768,0.000932800861821,0.131950711201661,6.85454071979116E-06
0.070194563479163,3,0.210583690437488,4.51912402563009E-05,0.010580759291003,24.6522924187662,0.024103384875443
0.231455751112662,2,0.462911502225325,0.072601427413704,0.00907244020585,0.028923239350435,9.44708024153446E-05
0.342379032983445,5,1.71189516491722,0.036847523955408,0.000241870880071,0.005618526642781,1.32305134849144E-07
0.14718843519222,5,0.7359421759611,9.76498502963766E-08,0.058084447708229,218877.933279733,0.039462463378098
0.282896638265811,3,0.848689914797433,0.189570935675372,0.00347391947375,0.007776193148192,5.30499212930434E-06
0.36805497284513,4,1.47221989138052,0.004788636803541,0.001794980639251,0.275924684849137,5.57869225640009E-05
0.32832725008484,1,0.32832725008484,1.53773958253526E-09,0.021345485936338,2278768.38796329,0.032506404149682
0.122540752287023,1,0.122540752287023,0.268253372397256,0.000255116229707,5.8269788800062E-05,2.02185418837219E-08
0.955486152670346,4,3.82194461068138,0.011765371297801,0.011043453431554,1.79371590822331,0.000721521087623
0.930371268768795,2,1.86074253753759,7.96745552298864E-06,0.007687455955051,897.675315521828,0.002063394602538
0.933510993723758,5,4.66755496861879,0.000184012206472,0.015585846398545,197.67111158707,0.001661147981891
0.3717917149188,2,0.743583429837599,0.617848011719513,0.002064422078889,0.00124227157888,5.74822879888206E-07
0.121717754867859,4,0.486871019471437,0.000265620132302,0.039323280025765,36.0389953674692,0.039263118034677
0.222069891286083,4,0.88827956514433,8.58638679237675E-09,0.01181574570268,611181.729196645,0.006650905206931
0.985296208062209,3,2.95588862418663,3.82629970870948E-11,0.00039869924746,15400134.0689172,6.74415162852565E-05
0.706937998184003,5,3.53468999092001,1.76605770446956E-07,0.064010659530527,640573.173181507,0.009054621447397
0.407987770042382,2,0.815975540084764,1.67974187487802E-09,0.00160384348721,389553.024563018,0.00098277417109
0.307055838289671,2,0.614111676579341,1.40497240227735E-06,0.057292640021248,12521.2705822814,0.04664303463113
0.045547561137937,2,0.091095122275874,8.63016966947234E-10,0.031926524434938,1684990.42233904,0.175237184438104
0.715413465746678,2,1.43082693149336,8.43468761952859E-09,0.00713093280337,604831.569464854,0.002491888032181
0.891254544141702,2,1.7825090882834,2.13791935462102E-06,0.024425507400046,10182.490942048,0.006850766928852
0.670580749749206,3,2.01174224924762,9.9953884670567E-09,0.000564522054318,56809.8414107182,0.000140304285373
0.53881431336049,1,0.53881431336049,0.088649864769404,0.005830705776141,0.017719529168773,3.19575767034256E-05
0.578268620069139,2,1.15653724013828,0.002170187684691,0.006540257434679,1.74271823046812,0.001383791218403
0.652597337844782,4,2.61038935137913,1.05590106971357E-08,0.066532826847261,8224093.51125822,0.012743849633412
0.075334975379519,4,0.301339901518077,1.17946933726294E-10,0.049437725534678,63153652.5505137,0.082029834918653
0.569568982464261,2,1.13913796492852,0.000434893177299,0.018750437849226,24.5569909210328,0.007894956775947
0.896381929633208,1,0.896381929633208,0.001345890262732,0.006053333824284,2.01580292404796,0.001823507633387
0.848390500876121,2,1.69678100175224,0.018563436735141,0.000158653220261,0.00725080635247,1.12994325155463E-07
0.053472363972105,5,0.267361819860525,0.057744030993752,0.020753350881563,0.048045257357415,0.000621471604075
0.763744326191954,1,0.763744326191954,2.52675767592213E-05,0.002752010456671,41.5914907854424,0.001758338970622
0.020752470358275,3,0.062257411074825,0.005029813893023,0.064120689496064,0.396832587573013,0.067413633034867
0.32671460241545,4,1.3068584096618,1.17266884511945E-09,0.000178427994624,99422.8363209616,6.82653142327187E-05
0.716414182563312,3,2.14924254768994,1.87884395454053E-08,0.051454995659963,2943013.59344764,0.011970491239225
0.228641232592054,3,0.685923697776161,9.00371387288788E-07,0.008849316626952,3370.80679664239,0.006448743041072
0.912540257559158,1,0.912540257559158,0.011233701587326,0.021073480278497,0.855924423998589,0.003143903189355
0.037119127693586,1,0.037119127693586,3.57184019113982E-05,0.098003901450977,50.9236015297139,1.29420300709636
0.357243831385858,5,1.78621915692929,9.79205257321903E-10,0.001577341763378,1438655.50848665,0.000441530553756
0.780283874715678,5,3.90141937357839,1.46031985698525E-07,0.046255579079767,617886.593456468,0.005928035387848
0.28125258802902,3,0.843757764087059,7.58874586048356E-06,0.020305420482316,1128.83317612608,0.012022071602182
0.363631635555066,5,1.81815817777533,0.004539987431013,0.003198960287204,0.64055417497713,0.000182892059133
0.062989212456159,1,0.062989212456159,6.89982477547193E-10,0.039676388954065,1811049.24737011,0.314945730379809
0.839433447574265,2,1.67886689514853,7.70422883280422E-07,0.000194232597075,211.630965451082,5.75730001336542E-05
0.850419802009128,4,3.40167920803651,0.000759221586224,2.83427242480139E-05,0.063494543307924,8.81488585619251E-08
0.200745751033537,5,1.00372875516769,4.10879098165546E-06,0.000803591665742,98.15394186746,0.000396224880081
0.251752179930918,1,0.251752179930918,0.002746600092898,0.001301653899972,0.059654517539857,5.1393874573659E-05
0.286033919197507,4,1.14413567679003,4.10950010670584E-06,0.056812856679216,7908.70112413196,0.024824710147055
0.917696932679974,5,4.58848466339987,1.8003710991348E-05,0.092727780642832,11816.4527178651,0.010103546170423
0.138057892327197,2,0.276115784654394,1.77623959508731E-10,0.001311401881997,1019284.67490098,0.002374729494455
0.797924897749908,2,1.59584979549982,5.99578580890171E-11,0.001555359247119,20698869.3021507,0.000487313773628
0.506616202299483,4,2.02646480919793,7.0923785125051E-07,0.003169749393363,4528.37196174778,0.000781915729177
0.762946876580827,1,0.762946876580827,0.084786390759338,0.095502512339338,0.429687729612992,0.008855984139919
0.929127478622831,5,4.64563739311416,0.000985509162132,0.036253930415532,85.4495428644046,0.00385626927205
0.182077281759121,3,0.546231845277362,0.000170471994164,0.012636975187901,20.2459011213646,0.010996064027416
0.804765961016528,5,4.02382980508264,1.11192517340337E-07,0.001525573575207,27603.693884248,0.000189560491136
0.241538077243604,2,0.483076154487208,0.00027643252525,0.07476415597917,65.3265764062699,0.076198843190227
0.859968656091951,4,3.4398746243678,2.52041742521539E-06,0.002103797182052,1435.6349208185,0.000305582615538
0.380969200632535,1,0.380969200632535,0.001240959532483,0.010717457441396,1.64510650322869,0.00660415157508
0.835687733604573,1,0.835687733604573,0.013526960334914,0.050384751404244,1.55637030296325,0.013582983379818
0.355637895991094,4,1.42255158396438,1.54019337787717E-06,0.000950080574742,438.756147736571,0.00033317427289
0.301062166807242,3,0.903186500421725,4.35484825218052E-06,0.001332400022804,138.168501411734,0.00073227219642
0.036860279156827,2,0.073720558313653,5.71989449638759E-10,0.006365690541287,410219.332762182,0.043174354407563
0.262376232887618,2,0.524752465775237,0.000549756588065,0.000590932220621,0.282027670617162,5.26540785444395E-05
0.454161724424921,5,2.2708086221246,7.19777606123993E-09,0.010163510218622,1603230.38943791,0.002237860068921
0.25610546360258,1,0.25610546360258,0.038806954220138,0.013249363333173,0.043719410696761,0.000376915399341
0.208902174956165,1,0.208902174956165,8.18005512120804E-06,0.012279286488157,156.794154579431,0.02920259637104
0.116354990866967,4,0.465419963467866,6.64708673936857E-11,0.002398498181102,8396978.8540189,0.002576702853045
0.440592724015005,2,0.88118544803001,0.000124955981789,0.002182010320206,7.69373228111435,0.001077186653693
0.365090915584005,5,1.82545457792003,0.001620683244387,0.004402849047939,2.47957180352379,0.000736650381707
0.992761799250729,4,3.97104719700292,0.000160607314122,0.000384657293473,4.75536333885332,3.82550375095122E-05
0.307949025067501,3,0.923847075202502,2.82464878917335E-06,0.001548390227941,253.213034632487,0.000834702679087
0.823987110634334,3,2.471961331903,9.3988172643449E-06,0.01209650917409,1590.73754113702,0.002445205084326
0.601776669616811,4,2.40710667846724,9.17777471149113E-05,0.011820759292151,155.014856711745,0.00243954780715
0.075682146125473,4,0.302728584501892,2.36173364238062E-08,0.011042428955991,70771.293327139,0.018237909288257
0.593474870896898,5,2.96737435448449,2.83013971558768E-10,0.013522476663803,70890935.5963554,0.002278525534302
0.970369488815777,1,0.970369488815777,8.05921614108112E-09,0.009032660103955,543788.478574384,0.004654228929006
0.460986240650527,1,0.460986240650527,0.074148726773306,0.071492468844765,0.222236077959454,0.00572545554398
0.549637272837572,3,1.64891181851272,0.007506630908422,0.001064335815321,0.116896376427718,1.25642261056107E-05
0.605256321025081,4,2.42102528410032,0.001811574895766,0.033330285819131,22.2716336164218,0.006574435783804
0.416548209148459,4,1.66619283659384,0.058603747780099,0.001734903682634,0.024662962674601,4.279829726013E-06
0.121618085890077,5,0.608090429450385,1.91165614975419E-11,0.013855089961157,220362527.163602,0.011392293997133
0.667916677775793,2,1.33583335555159,8.85985319014322E-05,0.002480723827734,18.7014026298199,0.000878880116055
0.808677508379333,3,2.426032525138,0.003713098223626,0.004115257901888,1.34439609700937,0.000340962273129
0.769596062949859,4,3.07838425179943,9.42324656786979E-10,0.000667471220883,1090246.80618089,0.000108412490785
0.766271197120659,2,1.53254239424132,1.53927438728405E-08,0.018111231362906,901601.108446303,0.005908877739078
0.843580384855159,3,2.53074115456548,4.51319892161535E-08,0.050546626927174,1417181.3741292,0.009986519397484
0.086976494058035,3,0.260929482174106,0.001111661111582,0.001083262939552,0.127131926686519,8.78712138830738E-05
0.501412701210938,3,1.50423810363282,0.000972484787582,0.03438429655081,26.5927908070119,0.010999356854958
0.768663018592633,3,2.3059890557779,4.31224507501555E-08,0.018455587054736,493459.683132979,0.004001655950643
0.837098014890216,1,0.837098014890216,2.37412099851854E-06,0.022769452798882,4014.17277172769,0.013596842979372
0.751499540754594,5,3.75749770377297,2.63192977367887E-06,0.002724422853526,1944.77313160284,0.000362345126099
0.117727471631952,5,0.588637358159758,1.88983302584457E-10,0.039194002606218,61039927.4282975,0.03329214619222
0.481003954424523,4,1.92401581769809,1.04827638721651E-10,0.003986802474524,36587063.8534118,0.001036062783082
0.485661484883167,1,0.485661484883167,0.001762539653981,0.016387785125759,2.25779772958405,0.009772149443168
0.294315213221125,2,0.588630426442251,1.75045484812866E-08,0.002128214975488,35783.0449017657,0.001807717885768
0.374098478001542,4,1.49639391200617,2.4069360297504E-06,0.033778845747718,10500.1667071147,0.011285674345127
0.431671548518352,5,2.15835774259176,0.000248722880007,0.001815870308,7.87884439641678,0.000367269198236
0.228095794445835,4,0.91238317778334,7.29197896475833E-09,0.009429173775829,589896.074511483,0.005167323346684
0.153985372395255,3,0.461956117185764,0.080332383948492,0.00121590689686,0.003496072202295,1.533657520303E-06
0.426399956108071,3,1.27919986832421,1.44180497211468E-08,0.014353381998869,636731.205609266,0.005610288044893
0.426363658043556,3,1.27909097413067,5.46981258323026E-10,0.043185618318242,50493809.2142948,0.016881370573476
0.678758632042445,3,2.03627589612734,5.56654640235151E-08,0.000809953488106,14814.2909948454,0.000198867652427
0.713269092258997,1,0.713269092258997,3.42445550716524E-10,0.019705297065724,20521772.4706222,0.013813367436896
0.532014015247114,1,0.532014015247114,7.75763868886607E-08,0.006472664141324,22194.5631736764,0.006082896618286
0.716005258145742,3,2.14801577443723,1.61784913177219E-08,0.008494066868647,563877.968120309,0.001977185620811
0.085846061003395,3,0.257538183010183,9.96845008797619E-09,0.041144576053256,531491.819889877,0.079880385422795
0.428956249146722,3,1.28686874744017,3.0376454583821E-06,0.079616586874757,16864.3936283383,0.030932395415576
0.026785046211444,3,0.080355138634332,0.00548123924704,0.00063712376425,0.004670127146078,6.17144655411953E-06
0.735225004027598,4,2.94090001611039,0.004431999894678,0.096680666161934,32.0767350439967,0.015924822744209
0.178275655838661,2,0.356551311677322,1.27075512298855E-05,0.000484814172683,6.8015121899802,0.000579909549971
0.573887244448997,5,2.86943622224499,0.065744299686901,0.044120142575408,0.962820623532431,0.002327205250178
0.211874615284614,5,1.05937307642307,5.37147135501706E-06,0.06794563810085,6700.19208025702,0.032064009725894
0.267346766428091,1,0.267346766428091,9.36695727735074E-10,0.020559877008854,2934045.96269862,0.038451690058195
0.359785560867749,1,0.359785560867749,3.50824689566606E-08,0.046320224717592,237516.750176943,0.064371718513528
0.281216862262227,1,0.281216862262227,1.25030811932065E-05,0.003375046189613,37.9554401337816,0.005842688248856
0.656986838555895,2,1.31397367711179,0.094828305173684,0.076521786279884,0.530156121177017,0.005051867445235
0.193582958425395,4,0.774331833701581,0.000372747987117,0.075261340411014,78.1724566482336,0.047975930243384
0.659912019385956,4,2.63964807754382,2.40107157249861E-11,0.007688068279289,422598703.135122,0.001456267660546
0.253244904452004,4,1.01297961780801,0.000111160216286,0.025624951544603,116.757390769814,0.012539975792769
0.531660614185967,3,1.5949818425579,0.000536617210291,0.004165362922524,6.19033279372919,0.001094845065066
0.803901755833067,5,4.01950877916534,0.046025943133656,0.000870286113434,0.038001640326819,1.37119227265137E-06
0.256770926178433,1,0.256770926178433,5.50211592470974E-08,0.073073924785545,170509.487653765,0.142293166346536
0.177876219036989,3,0.533628657110967,9.59840962024818E-05,0.055466669927784,154.184941875898,0.051634154231514
0.746587116154842,1,0.746587116154842,1.43327807067806E-05,0.088289676223863,2299.48173026309,0.059103136691405
0.545820288942196,2,1.09164057788439,3.01939002020704E-06,0.000822814777277,148.741632075934,0.000374337009235
0.247777261422016,5,1.23888630711008,6.13063171090765E-06,0.022907528480907,2314.59209287001,0.009241215818168
0.028257596422918,3,0.084772789268755,0.904724283243593,0.062431826852538,0.002924935363987,0.000359016447835
0.686596214887686,5,3.43298107443843,4.45027098677089E-10,0.032644661697043,125912001.898911,0.004754564725225
0.856367334607057,1,0.856367334607057,0.024970714783043,0.041456140589394,0.710866407471505,0.005551056575685
0.742586028878577,5,3.71293014439289,9.2569982253303E-07,0.013506361298838,27086.6293731667,0.001818760673898
0.227678436902352,1,0.227678436902352,0.000939418502967,0.009573497468221,1.16012135824897,0.007483134474816
0.775557203800418,2,1.55111440760084,1.24099243105819E-06,0.00142117573909,888.16261464043,0.000457598614914
0.939474693848752,3,2.81842408154625,7.51113334061885E-07,0.007379369452601,13844.909701819,0.001309035871954
0.568756403517909,3,1.70626921055373,1.33915089765038E-10,0.00072388383551,4611656.17226391,0.000212124696989
0.59504875226412,1,0.59504875226412,0.009326052485852,0.049126510357586,1.5672584266344,0.018697304395091
0.750026859459467,5,3.75013429729734,5.9484947150914E-08,0.033952004110605,1070225.16767254,0.004526767536153
0.407151418621652,3,1.22145425586496,4.60244066058524E-09,0.009815177045939,1302438.27774912,0.004017821159822
0.005989851546474,2,0.011979703092948,7.84980814221605E-07,0.006557740723286,50.039303765275,0.268232395892412
0.513639822485857,2,1.02727964497171,2.59469214083765E-06,0.009641978031778,1908.70577927452,0.004690507837836
0.786086619948037,3,2.35825985984411,7.82100369469503E-06,0.000897027153592,135.239875346299,0.000188782056803
0.929250916582532,3,2.7877527497476,6.76620034451715E-09,0.008788566840812,1810495.56097367,0.001576280749319
0.766884837416001,5,3.83442418708,4.59818318726015E-06,0.000932998147445,389.013499176857,0.00012134804764
0.28743886819575,4,1.149755472783,0.000566593562279,0.055517569210675,56.329292534539,0.023714598810349
0.511849204427563,5,2.55924602213781,0.053469418189522,0.000972012272894,0.023262068553439,1.47245193067757E-06
0.820662020356394,4,3.28264808142558,1.04718899537938E-08,8.41602284209893E-05,13190.9528068719,1.28179820355052E-05
0.875778728746809,1,0.875778728746809,5.24218232265656E-09,0.01073584919724,896785.707103298,0.006129309192703
0.459537711576559,4,1.83815084630623,5.15891609688759E-06,0.03721460458494,6629.88655252878,0.010121310637027
0.708958280854858,4,2.83583312341943,4.50790488594257E-09,0.018943222243298,5958401.79207857,0.003339974222674
0.98895907390397,5,4.94479536951985,9.87337576723553E-06,3.15432890268826E-06,0.789877308413369,8.0680690075219E-08
0.742026762920432,3,2.2260802887613,3.37607013451754E-07,0.009927812645483,32730.5227084438,0.002229818343906
0.21983503352385,5,1.09917516761925,1.44583908315838E-10,0.000396336218743,1506540.16323274,0.00018028789557
0.852793142315932,1,0.852793142315932,0.002234133659974,0.02648553152889,5.05490787392926,0.012457955940753
0.037759697879665,3,0.113279093638994,4.68251239508893E-06,0.023313882637553,282.004111420794,0.102539708581267
0.200524837127887,5,1.00262418563943,1.03251666516428E-07,0.068642038651747,333273.885186581,0.034231087615906
0.03190487169195,1,0.03190487169195,7.39257442805173E-11,0.004700327977656,1014283.7417244,0.073661530265724
0.287321899901144,4,1.14928759960458,0.001078751106367,0.006131881454413,3.26641394674177,0.00185875929943
0.899578457814641,1,0.899578457814641,1.21485593853813E-06,0.002984389153348,1104.9426137384,0.001657269681435
0.604930598870851,4,2.4197223954834,4.93485534657021E-09,0.041465772486754,10166018.1794339,0.00856829041325
0.885197692667134,5,4.42598846333567,0.000830564423132,0.000581246440916,1.54869987817765,2.94762783097387E-05
0.613995525171049,2,1.2279910503421,1.17194257019166E-09,0.001158038638046,606711.079382501,0.000471516762687
0.202447008457966,4,0.809788033831865,0.14889011693315,0.028556324167291,0.077656496204104,0.000456229068815
0.732891096849926,2,1.46578219369985,8.50090486952073E-07,0.00028881690766,248.99859896376,9.81240579637061E-05
0.828549290192314,1,0.828549290192314,1.34921316950529E-09,0.003713975458356,1140372.69994226,0.002241250004985
0.006113834795542,5,0.03056917397771,4.83084141867264E-08,0.018288468425283,5786.39748882441,0.29908082962892
0.540518905385397,1,0.540518905385397,3.76482021031843E-07,0.017150868796669,12311.8347098967,0.015863900028813
0.601605134434067,3,1.8048154033022,8.96678452011325E-07,0.007764883243711,7814.49629555487,0.002150881906912
0.914476760081016,1,0.914476760081016,0.00094476207214,0.011389083838793,5.51199756865945,0.005097570756417
0.501340150018223,1,0.501340150018223,6.28781113586382E-06,0.00510286071675,203.430804613865,0.005064203121075
0.226286971592344,2,0.452573943184689,3.15464059305304E-06,0.002508836628179,179.962511121134,0.002756340462141
0.082285656942986,1,0.082285656942986,0.09689568400877,0.000242763728066,0.000103079786526,5.06852888347878E-08
0.502774833119474,2,1.00554966623895,1.17840372231795E-10,0.009375542841703,40001460.4364057,0.004661899318405
0.443981220363639,5,2.2199061018182,0.004972442040321,0.014307626958272,3.19376154911953,0.002224414787517
0.081073868903332,5,0.405369344516657,0.000808164654897,0.001235656635873,0.30989806192127,0.000156440924863
0.599711820366792,1,0.599711820366792,8.53174685191486E-06,0.01566083028925,550.413954154848,0.013033241080393
0.200623915879987,2,0.401247831759974,2.51570745043162E-06,0.048545634065873,3871.44188943807,0.060477703310517
0.487148541840725,3,1.46144562552217,1.15430270685673E-07,0.003969046010351,25125.7529540026,0.001357863739093
0.164726294926368,3,0.494178884779103,6.92824567784641E-06,0.00279260578975,99.5956898020572,0.002797131211745
0.744357283343561,4,2.97742913337424,0.153061896549125,0.001625095446038,0.015806045249135,1.43781224212581E-06
0.526144686271437,2,1.05228937254287,1.86826505788172E-09,0.001348463122906,379756.985635809,0.00064072659443
0.276630142820068,2,0.553260285640135,0.013455871940162,0.002544363825622,0.052307849806991,4.00853913863604E-05
0.261292040464468,2,0.522584080928937,0.00031850194987,0.031320551200518,25.6946958566288,0.028800725312365
0.310489334980957,2,0.620978669961914,2.25582783824782E-05,0.013913493294791,191.503589374849,0.011144375812426
0.455946738016792,5,2.27973369008396,0.049347078021937,0.055620462686375,1.2847755908447,0.004726973667341
0.273264494142495,5,1.36632247071248,4.03186945122029E-09,0.066741280826632,11308663.7378549,0.024423690730215
0.075895972899161,2,0.151791945798323,1.77469643881805E-09,0.000307475108246,13149.3600664051,0.001012740575112
0.046617504092865,2,0.093235008185729,0.007993147487924,0.014060846966197,0.082005441784499,0.002060294323233
0.248722866992466,4,0.994891467969865,0.000994110623822,0.014506503300975,7.25894886261754,0.006286156723598
0.158381043584086,3,0.475143130752258,0.025281584012076,0.001160245769751,0.010902853381702,4.43722057906279E-06
0.464539939188398,4,1.85815975675359,5.73394462717112E-11,0.000895847070915,14515548.0530137,0.000241057585588
0.334561654715799,4,1.3382466188632,0.000970752389267,0.018576225334318,12.8042799686874,0.006398462955488
0.42378331173677,3,1.27134993521031,7.3153932001239E-08,0.001217172440107,10576.6844005284,0.000478647666422
0.100660765194334,5,0.50330382597167,0.028167217317152,0.011024813234142,0.098498027314679,0.000359365649825
0.247247251798399,3,0.741741755395196,7.30955927201916E-10,0.000382839464825,194244.280746524,0.000258066565029
0.395967341843061,5,1.97983670921531,7.10817834774224E-08,0.001939258283932,27007.023117233,0.000489733943512
0.233021882246248,1,0.233021882246248,1.50682830219456E-05,0.062574704342476,483.839975850266,0.133990366916083
0.22585664188955,4,0.903426567558199,0.000124316275216,0.003377088491774,12.2709253441254,0.001716729406927
0.823219932499342,4,3.29287972999737,0.000125950660757,0.006496845663385,84.9274281901311,0.000974883293323
0.477210492710583,3,1.43163147813175,1.68395257963419E-07,0.094476108027709,401599.700073577,0.032995877158817
0.299248320632614,5,1.49624160316307,0.139708553653164,0.007714048662325,0.04130770892543,3.54904174525703E-05
0.977539870305918,1,0.977539870305918,0.000124841540714,0.005092002390899,19.9358135453942,0.002473854363162
0.1856649100082,3,0.556994730024599,0.093877698184479,0.035324174950014,0.104792616724373,0.001106834390702
0.193403592915274,2,0.386807185830548,0.001405113056028,0.00121783935283,0.167626729693035,8.77961279569205E-05
0.038554090424441,3,0.115662271273322,0.000908312836292,0.010785979217493,0.68672972810497,0.010352215531141
0.805024864268489,4,3.22009945707396,2.42392906370729E-05,0.00164367868531,109.178294889478,0.000252884066472
0.632430305355229,4,2.52972122142091,1.99267929487387E-05,0.000942400139815,59.8192001816901,0.000183151801578
0.267073708935641,2,0.534147417871282,0.007816738340772,0.015018120788103,0.51312261524747,0.002363322781434
0.388135221437551,1,0.388135221437551,9.26641888651672E-08,0.029493821641653,61769.228944418,0.037993645678904
0.081181289278902,2,0.162362578557804,0.001432238322209,0.002226814023026,0.126218961307189,0.000288211003298
0.846844717976637,4,3.38737887190655,0.22038338501688,0.070421713086037,0.541204644381052,0.001839598886054
0.161350191454403,2,0.322700382908806,1.17666303468878E-09,0.022668464146758,3108418.40206539,0.035123070896015
0.936467124964111,4,3.74586849985644,1.14374828939806E-09,0.001370576217593,2244374.18954954,0.000182944970836
0.610483864205889,1,0.610483864205889,0.12798876602088,0.000534367961625,0.00127442051464,1.8592067121042E-07
0.784256054204889,2,1.56851210840978,9.96392626016385E-06,0.094844517228202,7465.16833848327,0.030229862995498
0.917499831994064,4,3.66999932797626,0.026726370619131,0.00081605438409,0.056029288149189,2.07599401983993E-06
0.7387446857756,3,2.2162340573268,0.062332163144354,0.005676158234777,0.100908540311323,4.30448217820341E-05
0.698439286206849,3,2.09531785862055,3.01741111910308E-06,0.004734040544222,1643.68051024655,0.001128983933949
0.408402171800844,5,2.04201085900422,0.000184840314743,0.027006822919083,149.178023594934,0.006568472752583
0.380890610744245,2,0.761781221488491,1.16882801813165E-05,0.000480192587527,15.6482258382622,0.000295036070475
0.306168710696511,4,1.22467484278604,0.046339794794465,0.056648332612205,0.748555190454037,0.005566158936511
0.388247754075564,5,1.94123877037782,3.64658171045495E-05,0.016775215729884,446.509933713224,0.004311073513773
0.449252108461224,3,1.34775632538367,1.28220948714387E-08,0.001392432723776,73180.7099368851,0.000516567301608
0.859308232669719,2,1.71861646533944,0.000192460487759,0.083720687174109,373.800755527346,0.024291840976431
0.150805175653659,1,0.150805175653659,6.39295386946413E-11,0.000660560806578,779107.674635883,0.002190110372113
0.346896066679619,1,0.346896066679619,1.01113249588977E-09,0.021679877564731,3718931.14100875,0.031248367764219
0.456854514894076,3,1.37056354468223,0.000231874579109,0.004203787082266,12.4238658387925,0.001410158342159
0.553708231193014,1,0.553708231193014,8.32315228094163E-10,0.004555825437283,1515410.24323108,0.004113919727305
0.034905158332549,3,0.104715474997647,2.76765786652046E-10,0.029483397642748,5577582.44986092,0.140778582904564
0.150672403280623,2,0.301344806561247,9.47318555775109E-10,0.015871927166288,2524453.25414621,0.026335149193601
0.397838458535261,3,1.19351537560578,5.03646718198361E-07,0.025702358484255,30454.0453971627,0.010767148474862
0.020211818977259,3,0.060635456931777,1.82083477662642E-10,0.00407738903152,678903.847258804,0.033622101918572
0.255483141052537,2,0.510966282105073,6.57903723370609E-10,0.021429042069738,8321519.97814343,0.020969132646404
0.283535872469656,5,1.41767936234828,0.0002271899323,0.013374899783331,41.7301048606906,0.004604140582301
0.426044124760665,2,0.85208824952133,0.001630099634681,0.001527520774552,0.399234033062606,0.000118034536517
0.373673222144134,5,1.86836611072067,0.001131617055292,0.088735827859045,73.2540274129307,0.023422733729595
0.197708473890089,4,0.790833895560354,1.51725210867559E-08,0.001377349775741,35895.6459005823,0.00087079689713
0.52010030078236,4,2.08040120312944,1.74533065847245E-08,0.006771540047952,403577.396478229,0.001627456102933
0.617419718182646,3,1.85225915454794,0.007126784914458,0.089208029453648,11.5926319650464,0.022003614903921
0.271046998328529,1,0.271046998328529,9.19802309970418E-08,0.021528104596305,31719.4687775827,0.039711610949153
0.122195700765587,4,0.48878280306235,3.25509587181317E-08,0.002868817847063,21538.9789422963,0.002934518805874
0.741605427931063,3,2.22481628379319,5.03169581427167E-09,0.004257112507864,941163.136548485,0.000956732476211
0.300350889214315,1,0.300350889214315,1.27018834858253E-08,0.000262333125922,3101.58677368121,0.000436570283365
0.159224209724925,3,0.477672629174776,1.16070077265531E-09,0.044844909575327,9227695.18492987,0.04694104495058
0.090444923727773,4,0.361779694911093,9.37808450048463E-07,0.074149995695892,14302.474465405,0.10247232268914
0.161634118179791,4,0.646536472719163,0.012648231817128,0.007799506440456,0.199342700856185,0.000399738043226
0.435953743872233,2,0.871907487744466,5.49807583095262E-05,0.006144310641914,48.7195031537454,0.003451165800228
0.622106782975607,2,1.24421356595121,4.73355763922052E-05,0.008569802112735,112.628437835373,0.003413285787531
0.052695374120958,4,0.210781496483833,5.32461427127938E-05,0.084579849991965,167.409942254849,0.199435494640844
0.134370992775075,4,0.537483971100301,6.92185855342408E-07,0.002087602710427,810.514247163384,0.001939617896022
0.280607642023824,1,0.280607642023824,2.87174754257204E-07,0.009436557016101,4610.38091590021,0.016810857576239
0.571723523898982,5,2.85861761949491,2.48068210240121E-08,0.013360273555507,769786.530689976,0.002336838636371
0.25101971195545,1,0.25101971195545,4.58815669623126E-10,0.000373058952931,102050.951075881,0.000743079685675
0.938220840762369,1,0.938220840762369,1.55456338203277E-10,0.02916051844621,87995788.5599202,0.015540327419678
0.944643341121264,3,2.83393002336379,7.02131503416947E-11,0.001040865313931,21005605.4248428,0.000183643430818
0.624654421233572,2,1.24930884246714,8.38200228462976E-09,0.05294934274746,3945959.44089192,0.021191449035241
0.815595834399574,4,3.26238333759829,9.92921117292769E-09,0.094879328838011,15586975.4451183,0.014541412356031
0.016038600006141,4,0.064154400024563,1.96262275393222E-09,0.001187395646849,19406.8511543474,0.009253725871031
0.846562868566252,3,2.53968860569876,2.45746481607503E-09,0.003127902013094,1616278.90874238,0.000615803856982
0.296182640246116,4,1.18473056098446,0.00012094438727,0.010304138035412,50.467936175733,0.004262558254319
0.099106174311601,1,0.099106174311601,5.73030631899445E-07,0.000914426064831,79.0754140627576,0.004555024430567
0.727332491078414,1,0.727332491078414,0.000192676536886,0.003733783008161,7.04730773231883,0.00220254956143
0.396415539667942,5,1.98207769833971,4.26121208751906E-06,0.07946859797532,18482.1750865857,0.020045707163537
0.974787609069608,3,2.92436282720882,1.37822452181787E-08,0.01605283918205,1703072.51946256,0.002744671353172
0.189616461168043,1,0.189616461168043,0.000563394987777,0.03563146618898,5.9960708486576,0.078288135277947
0.57775654445868,3,1.73326963337604,0.000604850630492,0.004422447581212,6.33651823382491,0.001074427489948
0.39840408123564,2,0.79680816247128,2.81950573750658E-07,0.099595474458452,140731.20323542,0.062496075874491
0.348239337909035,5,1.74119668954518,0.06557036283308,0.005310675783585,0.070511513846322,3.58316525381493E-05
0.141841949080117,1,0.141841949080117,0.000831364348637,0.004454253763569,0.379977825942389,0.001969853419843
0.857373317354359,5,4.28686658677179,0.001182725124069,0.018928156954463,34.3031875902303,0.002143333195843
0.716542187263258,3,2.14962656178977,3.36697783216176E-08,0.073430949169483,2344077.19118851,0.017079924287449
0.672585194115527,4,2.69034077646211,0.010959988487056,0.003197988955532,0.392504066035531,7.69740167704854E-05
